ticker,signal_date,n_texts,mean_sentiment,impact_weighted_sentiment,max_impact,n_high_impact,top_event
AAPL,2021-09-30,6,0.2318,0.2782,2,0,Other
AMD,2021-09-30,4,0.255,0.2896,2,0,Product/Company News
AMZN,2021-09-30,4,0.252,0.2246,3,0,Credit Event
DIS,2021-09-30,1,0.006,0.006,2,0,Other
META,2021-09-30,2,0.0072,0.0048,2,0,Product/Company News
NFLX,2021-09-30,3,0.3199,0.3834,2,0,Other
TSLA,2021-09-30,76,0.0603,0.0909,4,0,Product/Company News
AAPL,2021-10-01,10,-0.0009,-0.0009,2,0,Other
AMD,2021-10-01,3,0.0015,0.0015,1,0,Other
AMZN,2021-10-01,7,0.2623,0.2623,2,0,Other
CRM,2021-10-01,1,-0.0009,-0.0009,2,0,Other
DIS,2021-10-01,2,-0.0025,-0.0025,2,0,Other
GOOG,2021-10-01,2,-0.1468,-0.2183,3,0,Product/Company News
META,2021-10-01,9,0.0869,0.0826,3,0,Product/Company News
MSFT,2021-10-01,2,0.0269,0.0321,2,0,Other
NFLX,2021-10-01,7,0.1246,0.1246,2,0,Other
TSLA,2021-10-01,97,0.1187,0.1535,5,0,Macroeconomic
AAPL,2021-10-02,5,0.2807,0.4047,2,0,Other
AMD,2021-10-02,3,0.0892,0.0892,2,0,Other
AMZN,2021-10-02,3,0.3602,0.4323,2,0,Other
CRM,2021-10-02,2,0.0187,0.0187,2,0,Other
DIS,2021-10-02,3,-0.0086,-0.0086,2,0,Other
GOOG,2021-10-02,2,0.01,0.0137,2,0,Product/Company News
KO,2021-10-02,1,0.0148,0.0148,2,0,Earnings
META,2021-10-02,4,0.0071,0.0055,2,0,Product/Company News
TSLA,2021-10-02,112,0.2831,0.394,4,0,Product/Company News
AMD,2021-10-03,1,0.7201,0.7201,4,0,Macroeconomic
GOOG,2021-10-03,1,0.0016,0.0016,1,0,Other
NFLX,2021-10-03,2,0.0081,0.0081,1,0,Other
PYPL,2021-10-03,1,0.0051,0.0051,2,0,Other
TSLA,2021-10-03,60,0.137,0.1965,4,0,Product/Company News
AAPL,2021-10-04,8,0.0034,0.0034,2,0,Other
AMD,2021-10-04,1,0.0062,0.0062,1,0,Other
AMZN,2021-10-04,10,-0.1879,-0.2255,3,0,Other
BA,2021-10-04,2,0.2693,0.2693,2,0,Other
CRM,2021-10-04,1,-0.0019,-0.0019,1,0,Other
GOOG,2021-10-04,4,0.1103,0.1103,2,0,Other
META,2021-10-04,40,-0.3406,-0.3843,4,0,Product/Company News
MSFT,2021-10-04,3,-0.0071,-0.0071,2,0,Other
NFLX,2021-10-04,5,0.0126,0.0126,2,0,Other
PYPL,2021-10-04,1,0.3749,0.3749,2,0,Other
TSLA,2021-10-04,123,0.136,0.1749,5,0,Analyst Rating
AAPL,2021-10-05,6,-0.3107,-0.3389,2,0,Other
AMD,2021-10-05,1,0.0065,0.0065,1,0,Other
AMZN,2021-10-05,6,0.2923,0.3839,4,0,Analyst Rating
CRM,2021-10-05,1,-0.0043,-0.0043,1,0,Other
META,2021-10-05,53,-0.2417,-0.2622,6,0,Analyst Rating
MSFT,2021-10-05,1,0.0042,0.0042,1,0,Other
NFLX,2021-10-05,2,0.3892,0.5189,2,0,Other
PYPL,2021-10-05,2,0.5334,0.5334,2,0,Other
TSLA,2021-10-05,86,0.1881,0.2646,5,0,Macroeconomic
AAPL,2021-10-06,9,0.2326,0.2326,2,0,Other
AMZN,2021-10-06,7,-0.0329,-0.1628,4,0,Product/Company News
BA,2021-10-06,5,0.1969,0.1982,4,0,Merger/Acquisition
COST,2021-10-06,1,-0.0026,-0.0026,1,0,Other
GOOG,2021-10-06,1,-0.0024,-0.0024,1,0,Other
KO,2021-10-06,1,-0.0024,-0.0024,1,0,Other
META,2021-10-06,15,0.0978,0.1048,2,0,Other
MSFT,2021-10-06,2,0.4847,0.4847,2,0,Other
NFLX,2021-10-06,7,0.3662,0.4069,3,0,Other
PYPL,2021-10-06,1,0.0194,0.0194,2,0,Product/Company News
TSLA,2021-10-06,75,0.1154,0.1521,4,0,Analyst Rating
AAPL,2021-10-07,8,0.0066,0.0068,3,0,Earnings
AMD,2021-10-07,6,-0.0818,-0.1366,3,0,Earnings
AMZN,2021-10-07,4,-0.1552,-0.1797,3,0,Earnings
BA,2021-10-07,3,0.0056,0.005,3,0,Earnings
COST,2021-10-07,2,0.1312,0.1312,2,0,Other
CRM,2021-10-07,1,0.0048,0.0048,2,0,Other
DIS,2021-10-07,2,0.4924,0.7013,5,0,Analyst Rating
GOOG,2021-10-07,2,0.0074,0.0074,2,0,Other
INTC,2021-10-07,1,0.004,0.004,3,0,Earnings
KO,2021-10-07,1,0.0126,0.0126,2,0,Other
META,2021-10-07,10,0.0418,0.0466,3,0,Earnings
MSFT,2021-10-07,2,0.012,0.0104,3,0,Earnings
NFLX,2021-10-07,4,0.0113,0.0105,3,0,Earnings
TSLA,2021-10-07,94,0.2248,0.2829,4,0,Product/Company News
AAPL,2021-10-08,8,0.1136,0.1512,2,0,Other
AMD,2021-10-08,3,0.1201,0.1436,2,0,Other
AMZN,2021-10-08,1,0.015,0.015,1,0,Other
BA,2021-10-08,1,-0.0027,-0.0027,2,0,Product/Company News
DIS,2021-10-08,1,0.0077,0.0077,1,0,Other
META,2021-10-08,4,0.0064,0.0048,2,0,Product/Company News
MSFT,2021-10-08,1,0.015,0.015,1,0,Other
NFLX,2021-10-08,2,0.0092,0.0092,1,0,Other
TSLA,2021-10-08,138,0.099,0.1425,5,0,Analyst Rating
AAPL,2021-10-09,4,-0.0056,-0.0056,1,0,Other
AMD,2021-10-09,2,0.411,0.5472,2,0,Other
AMZN,2021-10-09,3,0.1334,0.1649,2,0,Other
BA,2021-10-09,2,0.1468,0.1959,2,0,Other
DIS,2021-10-09,1,0.0025,0.0025,1,0,Other
META,2021-10-09,2,-0.004,-0.004,1,0,Other
NFLX,2021-10-09,2,-0.0118,-0.0118,1,0,Other
PYPL,2021-10-09,1,0.294,0.294,2,0,Other
TSLA,2021-10-09,72,0.1009,0.1578,4,0,Analyst Rating
AAPL,2021-10-10,1,-0.0018,-0.0018,1,0,Other
AMD,2021-10-10,8,0.003,0.003,2,0,Other
AMZN,2021-10-10,1,-0.0018,-0.0018,1,0,Other
BA,2021-10-10,1,0.9792,0.9792,2,0,Other
COST,2021-10-10,1,0.0131,0.0131,1,0,Other
CRM,2021-10-10,1,0.122,0.122,2,0,Other
DIS,2021-10-10,1,-0.0018,-0.0018,1,0,Other
GOOG,2021-10-10,1,0.0131,0.0131,1,0,Other
META,2021-10-10,3,-0.0023,-0.0023,1,0,Other
NFLX,2021-10-10,2,0.0001,0.0001,1,0,Other
TSLA,2021-10-10,66,0.0551,0.0912,3,0,Product/Company News
AAPL,2021-10-11,4,0.0046,0.0046,1,0,Other
AMD,2021-10-11,6,0.171,0.171,2,0,Other
AMZN,2021-10-11,4,0.2423,0.2423,2,0,Other
BA,2021-10-11,1,0.9091,0.9091,2,0,Other
GOOG,2021-10-11,1,0.0384,0.0384,2,0,Product/Company News
KO,2021-10-11,1,0.0007,0.0007,2,0,Other
META,2021-10-11,7,-0.2051,-0.2239,2,0,Other
MSFT,2021-10-11,1,0.0018,0.0018,1,0,Other
NFLX,2021-10-11,5,0.1983,0.394,6,0,Analyst Rating
PYPL,2021-10-11,2,-0.0044,-0.0032,2,0,Other
TSLA,2021-10-11,103,0.1069,0.1803,6,0,Macroeconomic
AAPL,2021-10-12,12,0.1428,0.1764,3,0,Other
AMD,2021-10-12,4,0.0008,0.0008,1,0,Other
AMZN,2021-10-12,5,0.1408,0.1524,2,0,Legal/Regulatory
CRM,2021-10-12,1,0.0108,0.0108,2,0,Product/Company News
DIS,2021-10-12,1,-0.0016,-0.0016,2,0,Other
KO,2021-10-12,1,0.0167,0.0167,2,0,Earnings
META,2021-10-12,2,0.4783,0.637,2,0,Other
NFLX,2021-10-12,3,0.0104,0.0113,2,0,Other
TSLA,2021-10-12,109,0.1486,0.2382,5,0,Macroeconomic
AAPL,2021-10-13,15,-0.4431,-0.6057,5,0,Product/Company News
AMD,2021-10-13,10,0.0956,0.1693,3,0,Other
AMZN,2021-10-13,4,0.2129,0.2436,2,0,Product/Company News
BA,2021-10-13,3,0.2417,0.3086,4,0,Product/Company News
CRM,2021-10-13,1,0.0044,0.0044,2,0,Other
DIS,2021-10-13,2,0.0014,0.0004,2,0,Other
GOOG,2021-10-13,2,0.1662,0.2085,2,0,Other
META,2021-10-13,7,0.1404,0.2608,4,0,Analyst Rating
MSFT,2021-10-13,2,0.482,0.6432,2,0,Other
NFLX,2021-10-13,1,0.9655,0.9655,2,0,Other
PYPL,2021-10-13,2,0.0014,0.0004,2,0,Other
TSLA,2021-10-13,87,0.1239,0.1321,5,0,Merger/Acquisition
AAPL,2021-10-14,11,0.0716,0.0716,2,0,Other
AMD,2021-10-14,7,0.1183,0.1244,3,0,Product/Company News
AMZN,2021-10-14,9,0.1171,0.2389,5,0,Analyst Rating
BA,2021-10-14,3,0.0066,0.0066,2,0,Other
CRM,2021-10-14,1,0.0309,0.0309,2,0,Other
DIS,2021-10-14,1,-0.0001,-0.0001,1,0,Other
INTC,2021-10-14,1,0.0128,0.0128,1,0,Other
META,2021-10-14,7,0.007,0.007,2,0,Other
MSFT,2021-10-14,1,0.0048,0.0048,1,0,Other
NFLX,2021-10-14,4,0.0029,0.0028,2,0,Other
PYPL,2021-10-14,1,-0.02,-0.02,1,0,Other
TSLA,2021-10-14,103,0.2664,0.3622,5,0,Earnings
AAPL,2021-10-15,9,0.2147,0.2147,2,0,Other
AMD,2021-10-15,7,0.0579,0.0579,2,0,Other
AMZN,2021-10-15,5,0.1683,0.1863,2,0,Other
BA,2021-10-15,4,0.1596,0.1827,2,0,Other
COST,2021-10-15,1,0.0006,0.0006,1,0,Other
CRM,2021-10-15,1,0.0004,0.0004,2,0,Other
DIS,2021-10-15,3,0.0109,0.0109,2,0,Other
KO,2021-10-15,1,0.0014,0.0014,2,0,Other
META,2021-10-15,4,0.2408,0.3835,2,0,Other
NFLX,2021-10-15,4,0.1785,0.1785,2,0,Other
PYPL,2021-10-15,2,-0.0747,-0.0747,2,0,Other
TSLA,2021-10-15,110,0.2543,0.3032,5,0,Earnings
AAPL,2021-10-16,5,0.2034,0.2881,2,0,Other
AMD,2021-10-16,3,0.0137,0.0211,2,0,Other
AMZN,2021-10-16,8,-0.1057,-0.1057,2,0,Other
COST,2021-10-16,1,0.0392,0.0392,2,0,Other
GOOG,2021-10-16,1,0.059,0.059,1,0,Other
INTC,2021-10-16,2,0.3784,0.3784,2,0,Other
KO,2021-10-16,1,0.0063,0.0063,1,0,Other
META,2021-10-16,3,0.209,0.2484,2,0,Product/Company News
NFLX,2021-10-16,6,0.1264,0.1264,2,0,Other
TSLA,2021-10-16,107,0.1111,0.1683,5,0,Earnings
AAPL,2021-10-17,6,0.0071,0.012,2,0,Other
AMD,2021-10-17,4,-0.0755,-0.0866,2,0,Other
AMZN,2021-10-17,5,0.1245,0.1448,3,0,Macroeconomic
BA,2021-10-17,3,-0.3283,-0.3283,2,0,Other
CRM,2021-10-17,1,0.0041,0.0041,2,0,Other
DIS,2021-10-17,1,0.0008,0.0008,1,0,Other
GOOG,2021-10-17,1,-0.0023,-0.0023,1,0,Other
INTC,2021-10-17,2,0.0012,0.0012,2,0,Other
META,2021-10-17,3,0.3227,0.4745,2,0,Other
MSFT,2021-10-17,1,-0.0023,-0.0023,1,0,Other
NFLX,2021-10-17,5,0.0165,0.0121,2,0,Other
TSLA,2021-10-17,91,0.0745,0.1142,4,0,Analyst Rating
AAPL,2021-10-18,22,0.1168,0.133,4,0,Product/Company News
AMD,2021-10-18,11,0.1712,0.2245,3,0,Other
AMZN,2021-10-18,9,0.1136,0.1136,2,0,Other
BA,2021-10-18,1,0.0036,0.0036,1,0,Other
COST,2021-10-18,1,0.004,0.004,2,0,Other
DIS,2021-10-18,2,-0.4714,-0.6289,4,0,Analyst Rating
INTC,2021-10-18,1,-0.7995,-0.7995,2,0,Other
KO,2021-10-18,2,0.0018,0.0018,2,0,Other
META,2021-10-18,7,0.1385,0.2588,5,0,Analyst Rating
MSFT,2021-10-18,3,0.3358,0.3358,2,0,Other
NFLX,2021-10-18,8,-0.1502,-0.2523,4,0,Analyst Rating
PYPL,2021-10-18,2,-0.399,-0.399,2,0,Other
TSLA,2021-10-18,138,0.1766,0.2044,6,0,Macroeconomic
AAPL,2021-10-19,12,0.3241,0.3709,4,0,Product/Company News
AMD,2021-10-19,5,0.1941,0.2158,2,0,Other
AMZN,2021-10-19,6,0.1607,0.1944,2,0,Other
BA,2021-10-19,3,0.0006,0.0006,2,0,Other
CRM,2021-10-19,1,-0.0024,-0.0024,2,0,Other
DIS,2021-10-19,2,-0.0013,-0.0014,2,0,Other
GOOG,2021-10-19,4,0.1287,0.1287,2,0,Other
INTC,2021-10-19,1,-0.001,-0.001,1,0,Other
META,2021-10-19,10,0.0322,0.0352,3,0,Product/Company News
MSFT,2021-10-19,4,0.2408,0.2753,2,0,Other
NFLX,2021-10-19,5,0.2696,0.2775,3,0,Product/Company News
PYPL,2021-10-19,1,-0.0024,-0.0024,1,0,Other
TSLA,2021-10-19,114,0.1083,0.1464,5,0,Earnings
AAPL,2021-10-20,12,0.3686,0.3686,2,0,Other
AMD,2021-10-20,4,0.1104,0.1104,2,0,Other
AMZN,2021-10-20,6,0.0305,0.0305,2,0,Other
BA,2021-10-20,3,0.2064,0.2474,2,0,Other
COST,2021-10-20,1,0.9002,0.9002,2,0,Other
DIS,2021-10-20,1,0.0,0.0,1,0,Other
KO,2021-10-20,1,0.8144,0.8144,2,0,Other
META,2021-10-20,22,0.0235,0.0227,3,0,Product/Company News
MSFT,2021-10-20,5,0.05,0.134,3,0,Other
NFLX,2021-10-20,16,0.1514,0.2386,5,0,Earnings
PYPL,2021-10-20,19,0.1226,0.1366,5,0,Merger/Acquisition
TSLA,2021-10-20,97,0.0743,0.1298,6,0,Earnings
AAPL,2021-10-21,10,-0.0249,-0.0331,2,0,Other
AMD,2021-10-21,14,0.0344,0.0332,3,0,Product/Company News
AMZN,2021-10-21,4,-0.25,-0.25,2,0,Other
COST,2021-10-21,1,0.0055,0.0055,2,0,Other
GOOG,2021-10-21,2,-0.0717,-0.0717,2,0,Other
INTC,2021-10-21,1,0.0083,0.0083,2,0,Other
KO,2021-10-21,1,0.9551,0.9551,2,0,Other
META,2021-10-21,4,-0.2116,-0.3607,2,0,Other
NFLX,2021-10-21,1,-0.001,-0.001,1,0,Other
PYPL,2021-10-21,11,-0.0202,-0.0433,3,0,Other
TSLA,2021-10-21,251,0.2375,0.3405,7,2,Earnings
AAPL,2021-10-22,9,-0.2102,-0.2691,2,0,Other
AMD,2021-10-22,10,0.0194,0.0198,3,0,Earnings
AMZN,2021-10-22,6,-0.3134,-0.3415,2,0,Other
BA,2021-10-22,2,-0.0044,-0.0044,1,0,Other
COST,2021-10-22,2,0.0096,0.0096,2,0,Other
CRM,2021-10-22,2,-0.0044,-0.0044,2,0,Other
DIS,2021-10-22,1,-0.2122,-0.2122,2,0,Other
GOOG,2021-10-22,11,-0.2518,-0.2592,3,0,Other
INTC,2021-10-22,6,-0.0634,0.0558,6,0,Earnings
META,2021-10-22,21,-0.1732,-0.1567,3,0,Other
MSFT,2021-10-22,3,-0.3087,-0.3695,2,0,Other
NFLX,2021-10-22,1,-0.0046,-0.0046,1,0,Other
PYPL,2021-10-22,4,0.0978,-0.0799,5,0,Merger/Acquisition
TSLA,2021-10-22,163,0.32,0.3867,6,0,Credit Event
AAPL,2021-10-23,9,0.1869,0.1866,3,0,Earnings
AMD,2021-10-23,7,0.0811,0.0754,3,0,Earnings
AMZN,2021-10-23,12,0.1725,0.1725,3,0,Earnings
BA,2021-10-23,4,0.1224,0.122,3,0,Earnings
COST,2021-10-23,1,0.3482,0.3482,2,0,Other
GOOG,2021-10-23,2,0.2132,0.1708,3,0,Earnings
KO,2021-10-23,3,0.1615,0.1386,3,0,Earnings
META,2021-10-23,16,0.2334,0.24,3,0,Earnings
MSFT,2021-10-23,3,0.0216,0.0187,3,0,Earnings
NFLX,2021-10-23,2,0.1693,0.1693,2,0,Other
PYPL,2021-10-23,2,0.5522,0.5522,2,0,Other
TSLA,2021-10-23,77,0.1871,0.2402,3,0,Product/Company News
AAPL,2021-10-24,10,0.0712,0.0777,3,0,Earnings
AMD,2021-10-24,5,0.03,0.0422,3,0,Earnings
AMZN,2021-10-24,9,0.2685,0.2614,3,0,Earnings
BA,2021-10-24,1,0.0041,0.0041,1,0,Other
COST,2021-10-24,6,0.0026,0.0026,2,0,Other
CRM,2021-10-24,1,0.0242,0.0242,1,0,Other
GOOG,2021-10-24,2,0.0018,0.001,2,0,Other
INTC,2021-10-24,1,0.006,0.006,2,0,Other
KO,2021-10-24,2,0.0051,0.0051,2,0,Other
META,2021-10-24,8,0.2159,0.211,3,0,Earnings
MSFT,2021-10-24,3,0.2929,0.2929,2,0,Other
NFLX,2021-10-24,1,0.0148,0.0148,1,0,Other
PYPL,2021-10-24,1,0.0242,0.0242,1,0,Other
TSLA,2021-10-24,66,0.1087,0.1929,4,0,Earnings
AAPL,2021-10-25,5,0.0202,0.0284,2,0,Other
AMD,2021-10-25,8,0.1455,0.1455,2,0,Other
AMZN,2021-10-25,13,0.0011,0.004,3,0,Product/Company News
BA,2021-10-25,2,0.005,0.0066,2,0,Product/Company News
CRM,2021-10-25,1,0.9825,0.9825,2,0,Other
DIS,2021-10-25,3,0.6572,0.7378,3,0,Other
GOOG,2021-10-25,1,-0.0603,-0.0603,1,0,Other
KO,2021-10-25,1,0.001,0.001,2,0,Other
META,2021-10-25,22,-0.0311,-0.0674,7,1,Earnings
MSFT,2021-10-25,3,0.0005,0.0005,2,0,Other
NFLX,2021-10-25,1,-0.0007,-0.0007,1,0,Other
PYPL,2021-10-25,13,-0.0244,-0.1391,8,1,Merger/Acquisition
TSLA,2021-10-25,385,0.2399,0.3181,9,4,Credit Event
AAPL,2021-10-26,10,0.0253,-0.0348,4,0,Legal/Regulatory
AMD,2021-10-26,14,0.2245,0.2348,3,0,Other
AMZN,2021-10-26,7,0.0742,0.0742,2,0,Other
BA,2021-10-26,2,0.4496,0.597,2,0,Other
DIS,2021-10-26,3,0.0097,0.0097,2,0,Other
GOOG,2021-10-26,3,0.0086,0.0102,3,0,Earnings
INTC,2021-10-26,1,-0.0011,-0.0011,2,0,Other
KO,2021-10-26,2,0.0055,0.0055,2,0,Other
META,2021-10-26,50,0.2119,0.2055,8,2,Earnings
MSFT,2021-10-26,2,0.006,0.006,2,0,Other
PYPL,2021-10-26,1,-0.0017,-0.0017,1,0,Other
TSLA,2021-10-26,304,0.1573,0.1917,4,0,Product/Company News
AAPL,2021-10-27,8,0.1949,0.1926,3,0,Earnings
AMD,2021-10-27,14,0.5461,0.71,6,0,Analyst Rating
AMZN,2021-10-27,8,0.1817,0.2058,2,0,Other
DIS,2021-10-27,3,0.0015,0.0015,2,0,Product/Company News
GOOG,2021-10-27,11,0.3213,0.3915,3,0,Other
INTC,2021-10-27,1,0.9692,0.9692,2,0,Other
META,2021-10-27,9,0.0767,0.0791,3,0,Product/Company News
MSFT,2021-10-27,2,0.0008,0.0016,2,0,Other
NFLX,2021-10-27,2,0.4768,0.6341,2,0,Other
PYPL,2021-10-27,1,0.011,0.011,1,0,Other
TSLA,2021-10-27,165,0.1087,0.1739,6,0,Macroeconomic
AAPL,2021-10-28,13,0.0279,0.0289,2,0,Other
AMD,2021-10-28,4,0.2264,0.2995,2,0,Other
AMZN,2021-10-28,11,0.1118,0.111,3,0,Product/Company News
DIS,2021-10-28,1,0.0144,0.0144,1,0,Other
GOOG,2021-10-28,5,0.196,0.196,2,0,Other
KO,2021-10-28,1,0.0012,0.0012,2,0,Other
META,2021-10-28,47,0.1072,0.1489,3,0,Other
MSFT,2021-10-28,2,-0.0018,-0.0023,2,0,Other
NFLX,2021-10-28,2,0.49,0.6527,2,0,Other
PYPL,2021-10-28,1,-0.4902,-0.4902,2,0,Other
TSLA,2021-10-28,131,0.1683,0.2403,5,0,Analyst Rating
AAPL,2021-10-29,42,0.0972,0.0899,7,1,Analyst Rating
AMD,2021-10-29,2,0.4442,0.4442,2,0,Other
AMZN,2021-10-29,53,-0.1241,-0.0908,7,1,Analyst Rating
CRM,2021-10-29,1,-0.0021,-0.0021,2,0,Other
DIS,2021-10-29,3,0.0041,0.0041,2,0,Other
GOOG,2021-10-29,2,0.259,0.259,2,0,Other
INTC,2021-10-29,1,-0.0017,-0.0017,2,0,Other
META,2021-10-29,28,0.1887,0.2232,3,0,Other
MSFT,2021-10-29,5,0.1391,0.1198,3,0,Other
NFLX,2021-10-29,3,0.6415,0.6415,2,0,Other
PYPL,2021-10-29,5,0.2803,0.34,3,0,Other
TSLA,2021-10-29,152,0.1765,0.2121,5,0,Analyst Rating
AAPL,2021-10-30,11,0.2163,0.2163,2,0,Other
AMD,2021-10-30,5,0.0074,0.0085,2,0,Other
AMZN,2021-10-30,12,0.056,0.1318,3,0,Other
DIS,2021-10-30,2,-0.0013,-0.0013,2,0,Other
GOOG,2021-10-30,1,0.8568,0.8568,2,0,Other
INTC,2021-10-30,1,0.0016,0.0016,2,0,Other
META,2021-10-30,12,0.1295,0.1283,4,0,Merger/Acquisition
MSFT,2021-10-30,2,0.3873,0.3873,2,0,Other
NFLX,2021-10-30,1,0.0604,0.0604,1,0,Other
TSLA,2021-10-30,143,0.1313,0.1556,4,0,Product/Company News
AAPL,2021-10-31,2,0.0036,0.0036,1,0,Other
AMD,2021-10-31,1,0.0078,0.0078,1,0,Other
AMZN,2021-10-31,4,0.3826,0.5088,2,0,Other
KO,2021-10-31,1,-0.0007,-0.0007,2,0,Other
META,2021-10-31,7,0.1003,0.1395,2,0,Other
MSFT,2021-10-31,1,0.9564,0.9564,2,0,Other
NFLX,2021-10-31,2,0.2816,0.3764,2,0,Other
PYPL,2021-10-31,1,0.0078,0.0078,1,0,Other
TSLA,2021-10-31,83,0.0754,0.1117,4,0,Macroeconomic
AAPL,2021-11-01,11,0.249,0.2742,2,0,Other
AMD,2021-11-01,5,0.0086,0.0093,2,0,Other
AMZN,2021-11-01,8,0.2323,0.138,4,0,Analyst Rating
COST,2021-11-01,1,0.0076,0.0076,1,0,Other
DIS,2021-11-01,1,0.6478,0.6478,2,0,Other
GOOG,2021-11-01,1,0.9794,0.9794,2,0,Other
META,2021-11-01,6,0.0995,0.1194,2,0,Other
MSFT,2021-11-01,1,0.0144,0.0144,1,0,Other
NFLX,2021-11-01,1,0.5747,0.5747,2,0,Other
PYPL,2021-11-01,1,0.0306,0.0306,1,0,Other
TSLA,2021-11-01,231,0.1932,0.2323,6,0,Analyst Rating
AAPL,2021-11-02,12,-0.0011,0.032,5,0,Analyst Rating
AMD,2021-11-02,12,0.1533,0.2101,3,0,Other
AMZN,2021-11-02,7,0.209,0.2251,2,0,Other
BA,2021-11-02,2,0.0984,0.0984,2,0,Other
DIS,2021-11-02,2,-0.0593,-0.0593,1,0,Other
GOOG,2021-11-02,2,-0.0248,-0.0178,2,0,Other
INTC,2021-11-02,1,-0.0039,-0.0039,2,0,Other
KO,2021-11-02,1,-0.0003,-0.0003,1,0,Other
META,2021-11-02,9,0.1028,0.0707,3,0,Product/Company News
MSFT,2021-11-02,1,0.0564,0.0564,1,0,Other
NFLX,2021-11-02,2,-0.0749,-0.0749,2,0,Other
PYPL,2021-11-02,2,0.0472,0.0472,2,0,Other
TSLA,2021-11-02,237,0.08,0.1135,7,1,Macroeconomic
AAPL,2021-11-03,6,0.2081,0.2774,2,0,Other
AMD,2021-11-03,8,0.2889,0.3078,2,0,Other
AMZN,2021-11-03,5,-0.0023,-0.0023,1,0,Other
BA,2021-11-03,1,0.0121,0.0121,2,0,Product/Company News
COST,2021-11-03,2,0.4443,0.5881,4,0,Analyst Rating
CRM,2021-11-03,1,-0.0197,-0.0197,1,0,Other
DIS,2021-11-03,1,0.0048,0.0048,1,0,Other
GOOG,2021-11-03,1,-0.0197,-0.0197,1,0,Other
KO,2021-11-03,1,-0.002,-0.002,2,0,Other
META,2021-11-03,4,0.1801,0.2377,2,0,Other
MSFT,2021-11-03,2,-0.009,-0.009,1,0,Other
NFLX,2021-11-03,1,0.0048,0.0048,1,0,Other
PYPL,2021-11-03,3,0.054,0.054,2,0,Other
TSLA,2021-11-03,126,0.1138,0.1329,6,0,Macroeconomic
AAPL,2021-11-04,12,-0.1788,-0.1865,2,0,Other
AMD,2021-11-04,13,0.192,0.2105,3,0,Other
AMZN,2021-11-04,7,-0.054,-0.0576,2,0,Other
BA,2021-11-04,1,0.0054,0.0054,1,0,Other
DIS,2021-11-04,2,0.0655,0.0869,2,0,Other
GOOG,2021-11-04,2,-0.4168,-0.5726,2,0,Other
KO,2021-11-04,2,-0.0001,-0.0001,2,0,Other
META,2021-11-04,7,0.0109,0.0158,2,0,Other
NFLX,2021-11-04,3,-0.0023,-0.003,2,0,Other
PYPL,2021-11-04,4,0.002,0.002,2,0,Other
TSLA,2021-11-04,159,0.1348,0.1596,6,0,Macroeconomic
AAPL,2021-11-05,7,0.2752,0.3767,3,0,Product/Company News
AMD,2021-11-05,3,0.0305,0.042,2,0,Other
AMZN,2021-11-05,10,0.2415,0.232,3,0,Product/Company News
BA,2021-11-05,1,0.0245,0.0245,2,0,Product/Company News
COST,2021-11-05,2,0.0248,0.0248,2,0,Other
DIS,2021-11-05,1,-0.0034,-0.0034,1,0,Other
GOOG,2021-11-05,4,0.4976,0.5506,3,0,Other
INTC,2021-11-05,2,0.4574,0.5396,4,0,Product/Company News
META,2021-11-05,11,0.2593,0.2593,2,0,Other
MSFT,2021-11-05,3,0.3275,0.3275,2,0,Other
NFLX,2021-11-05,3,0.334,0.334,2,0,Other
PYPL,2021-11-05,3,0.0065,0.0065,2,0,Other
TSLA,2021-11-05,81,0.1434,0.2155,4,0,Macroeconomic
AAPL,2021-11-06,4,0.1523,0.2023,2,0,Product/Company News
AMD,2021-11-06,7,0.2821,0.2821,2,0,Other
AMZN,2021-11-06,11,0.2545,0.2667,2,0,Other
BA,2021-11-06,6,0.214,0.2713,3,0,Other
COST,2021-11-06,1,0.0048,0.0048,2,0,Other
DIS,2021-11-06,5,0.4666,0.5501,3,0,Other
INTC,2021-11-06,1,0.9768,0.9768,2,0,Other
KO,2021-11-06,1,0.0045,0.0045,1,0,Other
META,2021-11-06,4,0.0024,0.0024,1,0,Other
NFLX,2021-11-06,3,-0.0005,-0.0005,2,0,Other
PYPL,2021-11-06,2,0.2891,0.2891,2,0,Other
TSLA,2021-11-06,82,0.0874,0.1343,3,0,Product/Company News
AAPL,2021-11-07,12,0.3668,0.3668,2,0,Other
AMD,2021-11-07,10,0.343,0.379,2,0,Other
AMZN,2021-11-07,15,0.3455,0.4138,3,0,Other
BA,2021-11-07,7,0.4806,0.558,3,0,Other
COST,2021-11-07,2,0.011,0.011,2,0,Other
DIS,2021-11-07,11,0.162,0.1628,4,0,Earnings
GOOG,2021-11-07,1,-0.0011,-0.0011,1,0,Other
META,2021-11-07,12,0.285,0.2974,2,0,Other
MSFT,2021-11-07,6,0.7262,0.778,3,0,Other
NFLX,2021-11-07,10,0.5293,0.6106,3,0,Other
PYPL,2021-11-07,10,0.0749,0.1005,4,0,Earnings
TSLA,2021-11-07,245,0.0619,0.1042,6,0,Analyst Rating
AAPL,2021-11-08,8,0.0482,0.0692,2,0,Other
AMD,2021-11-08,17,0.211,0.2518,3,0,Other
AMZN,2021-11-08,3,0.2724,0.3116,2,0,Other
DIS,2021-11-08,4,0.0535,0.0535,2,0,Other
GOOG,2021-11-08,3,0.3441,0.4131,2,0,Other
INTC,2021-11-08,1,0.8111,0.8111,2,0,Other
META,2021-11-08,9,0.3621,0.3835,2,0,Other
MSFT,2021-11-08,1,0.0766,0.0766,1,0,Other
NFLX,2021-11-08,2,0.0966,0.0966,2,0,Product/Company News
PYPL,2021-11-08,2,-0.0235,-0.0235,2,0,Other
TSLA,2021-11-08,147,0.0541,0.1065,5,0,Macroeconomic
AAPL,2021-11-09,21,0.1608,0.1821,4,0,Merger/Acquisition
AMD,2021-11-09,10,0.0764,0.0764,2,0,Other
AMZN,2021-11-09,10,0.3194,0.3072,3,0,Product/Company News
BA,2021-11-09,3,0.3125,0.3125,2,0,Other
DIS,2021-11-09,1,-0.0017,-0.0017,1,0,Other
INTC,2021-11-09,2,0.468,0.5621,3,0,Other
KO,2021-11-09,1,0.0695,0.0695,2,0,Other
META,2021-11-09,6,0.1919,0.2548,2,0,Other
MSFT,2021-11-09,1,-0.0012,-0.0012,1,0,Other
NFLX,2021-11-09,3,0.0005,0.0005,2,0,Other
PYPL,2021-11-09,20,0.0945,0.1795,7,1,Analyst Rating
TSLA,2021-11-09,170,0.0454,0.0571,5,0,Macroeconomic
AAPL,2021-11-10,7,0.074,0.0933,2,0,Other
AMD,2021-11-10,4,-0.063,-0.102,2,0,Other
AMZN,2021-11-10,11,0.1284,0.1412,2,0,Other
KO,2021-11-10,1,0.0004,0.0004,1,0,Other
META,2021-11-10,5,-0.0053,-0.0035,2,0,Product/Company News
MSFT,2021-11-10,1,0.4931,0.4931,2,0,Other
NFLX,2021-11-10,2,-0.275,-0.3681,2,0,Other
PYPL,2021-11-10,5,0.4045,0.4822,3,0,Other
TSLA,2021-11-10,191,0.015,0.0399,5,0,Analyst Rating
AAPL,2021-11-11,2,0.0013,0.0013,1,0,Other
AMD,2021-11-11,5,0.012,0.012,1,0,Other
AMZN,2021-11-11,1,0.8286,0.8286,2,0,Other
BA,2021-11-11,2,0.0645,0.0779,3,0,Merger/Acquisition
DIS,2021-11-11,9,0.1109,0.1952,5,0,Product/Company News
META,2021-11-11,5,-0.0285,-0.0398,2,0,Other
NFLX,2021-11-11,3,0.3251,0.4892,2,0,Other
PYPL,2021-11-11,4,-0.0103,-0.0103,2,0,Other
TSLA,2021-11-11,181,0.1361,0.1478,4,0,Product/Company News
AAPL,2021-11-12,7,0.2683,0.4153,2,0,Other
AMD,2021-11-12,7,0.1381,0.2134,2,0,Other
AMZN,2021-11-12,9,0.1036,0.115,2,0,Other
BA,2021-11-12,3,0.308,0.308,2,0,Other
GOOG,2021-11-12,1,0.0024,0.0024,2,0,Product/Company News
INTC,2021-11-12,2,-0.002,-0.002,2,0,Other
META,2021-11-12,3,0.3283,0.4902,2,0,Other
MSFT,2021-11-12,1,0.0089,0.0089,1,0,Other
PYPL,2021-11-12,5,0.1924,0.256,3,0,Other
TSLA,2021-11-12,128,0.0685,0.0941,4,0,Product/Company News
AAPL,2021-11-13,4,0.3405,0.4524,2,0,Other
AMD,2021-11-13,2,-0.0004,-0.0004,1,0,Other
AMZN,2021-11-13,5,0.1404,0.1754,2,0,Other
BA,2021-11-13,3,0.0237,0.0285,2,0,Other
COST,2021-11-13,2,-0.0134,-0.0134,2,0,Other
DIS,2021-11-13,2,-0.0002,-0.0002,2,0,Other
GOOG,2021-11-13,1,0.1924,0.1924,2,0,Other
INTC,2021-11-13,1,-0.0015,-0.0015,2,0,Other
META,2021-11-13,7,0.2412,0.2583,2,0,Other
PYPL,2021-11-13,4,0.1738,0.1738,2,0,Other
TSLA,2021-11-13,77,0.081,0.1186,2,0,Other
AAPL,2021-11-14,2,0.0012,0.0012,1,0,Other
AMD,2021-11-14,8,0.0036,0.0058,2,0,Other
AMZN,2021-11-14,5,-0.1045,-0.1987,3,0,Product/Company News
BA,2021-11-14,3,0.3554,0.5117,4,0,Product/Company News
DIS,2021-11-14,3,-0.0019,-0.0019,2,0,Other
META,2021-11-14,6,0.1478,0.228,3,0,Product/Company News
MSFT,2021-11-14,2,-0.0002,-0.0002,2,0,Other
NFLX,2021-11-14,1,-0.002,-0.002,1,0,Other
PYPL,2021-11-14,3,0.0142,0.0142,2,0,Other
TSLA,2021-11-14,79,0.0799,0.1427,4,0,Product/Company News
AAPL,2021-11-15,9,0.0675,0.0778,2,0,Other
AMD,2021-11-15,11,0.1145,0.1342,3,0,Product/Company News
AMZN,2021-11-15,7,0.1085,0.1074,2,0,Other
BA,2021-11-15,10,0.2552,0.2763,3,0,Product/Company News
COST,2021-11-15,1,0.0375,0.0375,1,0,Other
DIS,2021-11-15,1,-0.002,-0.002,1,0,Other
GOOG,2021-11-15,1,0.1055,0.1055,1,0,Other
INTC,2021-11-15,1,-0.0011,-0.0011,2,0,Other
META,2021-11-15,7,0.1645,0.1678,2,0,Other
MSFT,2021-11-15,5,0.151,0.151,2,0,Other
NFLX,2021-11-15,5,0.2114,0.4315,6,0,Analyst Rating
PYPL,2021-11-15,3,0.3451,0.3451,2,0,Other
TSLA,2021-11-15,145,-0.0153,-0.0178,3,0,Macroeconomic
AAPL,2021-11-16,10,0.0661,0.1856,5,0,Analyst Rating
AMD,2021-11-16,12,0.141,0.1457,2,0,Other
AMZN,2021-11-16,9,0.2003,0.2121,2,0,Other
BA,2021-11-16,4,0.0077,0.0077,2,0,Other
COST,2021-11-16,1,0.0049,0.0049,2,0,Other
DIS,2021-11-16,5,0.4519,0.4936,3,0,Other
GOOG,2021-11-16,4,0.1386,0.1386,2,0,Other
KO,2021-11-16,1,0.0045,0.0045,2,0,Earnings
META,2021-11-16,5,0.0716,0.1052,2,0,Other
MSFT,2021-11-16,4,0.1427,0.1427,2,0,Other
PYPL,2021-11-16,2,0.4892,0.6525,2,0,Other
TSLA,2021-11-16,140,0.0691,0.0595,5,0,Legal/Regulatory
AAPL,2021-11-17,14,0.3414,0.3414,2,0,Other
AMD,2021-11-17,3,0.3204,0.4808,2,0,Other
AMZN,2021-11-17,6,-0.1609,-0.2409,2,0,Other
BA,2021-11-17,1,0.0003,0.0003,1,0,Other
COST,2021-11-17,1,0.0018,0.0018,2,0,Other
DIS,2021-11-17,2,-0.2066,-0.2066,2,0,Other
KO,2021-11-17,2,-0.0001,-0.0001,2,0,Other
META,2021-11-17,2,0.0002,0.0002,1,0,Other
NFLX,2021-11-17,4,0.1594,0.1594,2,0,Other
PYPL,2021-11-17,4,0.0348,0.0348,2,0,Other
TSLA,2021-11-17,106,0.1864,0.2513,3,0,Product/Company News
AAPL,2021-11-18,36,0.1206,0.1541,3,0,Other
AMD,2021-11-18,11,0.1766,0.1766,2,0,Product/Company News
AMZN,2021-11-18,13,0.332,0.3559,3,0,Other
BA,2021-11-18,3,0.3977,0.3977,2,0,Other
CRM,2021-11-18,1,0.9704,0.9704,2,0,Other
DIS,2021-11-18,1,0.0471,0.0471,1,0,Other
META,2021-11-18,6,0.2726,0.409,2,0,Other
MSFT,2021-11-18,1,0.9704,0.9704,2,0,Other
NFLX,2021-11-18,4,0.329,0.329,2,0,Other
PYPL,2021-11-18,2,0.2602,0.2602,2,0,Other
TSLA,2021-11-18,121,0.0699,0.0929,4,0,Credit Event
AAPL,2021-11-19,28,0.1897,0.2291,3,0,Other
AMD,2021-11-19,5,0.0468,0.0576,2,0,Other
AMZN,2021-11-19,22,0.3281,0.4269,6,0,Analyst Rating
BA,2021-11-19,2,0.1372,0.1833,2,0,Other
DIS,2021-11-19,1,-0.0011,-0.0011,1,0,Other
GOOG,2021-11-19,2,0.5028,0.6613,2,0,Other
META,2021-11-19,3,0.0062,0.0032,2,0,Product/Company News
MSFT,2021-11-19,1,-0.0011,-0.0011,1,0,Other
NFLX,2021-11-19,3,0.3797,0.4559,2,0,Other
PYPL,2021-11-19,9,-0.1049,-0.1049,2,0,Other
TSLA,2021-11-19,115,0.1807,0.2782,5,0,Analyst Rating
AAPL,2021-11-20,13,0.331,0.3441,2,0,Other
AMD,2021-11-20,2,0.4912,0.6546,2,0,Other
AMZN,2021-11-20,4,-0.0302,-0.0508,2,0,Other
BA,2021-11-20,1,0.0103,0.0103,1,0,Other
COST,2021-11-20,1,0.0071,0.0071,2,0,Other
CRM,2021-11-20,1,0.9812,0.9812,2,0,Other
DIS,2021-11-20,1,0.004,0.004,1,0,Other
INTC,2021-11-20,1,0.004,0.004,1,0,Other
META,2021-11-20,3,0.2569,0.3075,2,0,Other
MSFT,2021-11-20,1,0.004,0.004,1,0,Other
PYPL,2021-11-20,4,0.1316,0.1316,2,0,Other
TSLA,2021-11-20,88,0.0539,0.084,4,0,Analyst Rating
AAPL,2021-11-21,6,0.0201,0.0344,2,0,Other
AMD,2021-11-21,6,0.2988,0.3588,2,0,Other
AMZN,2021-11-21,4,0.2351,0.3205,2,0,Other
BA,2021-11-21,3,0.3083,0.3083,2,0,Other
DIS,2021-11-21,1,-0.7198,-0.7198,3,0,Product/Company News
GOOG,2021-11-21,1,0.0284,0.0284,1,0,Other
META,2021-11-21,1,-0.0054,-0.0054,1,0,Other
MSFT,2021-11-21,1,0.0,0.0,1,0,Other
PYPL,2021-11-21,1,0.1218,0.1218,1,0,Other
TSLA,2021-11-21,71,0.0285,0.0358,3,0,Geopolitical
AAPL,2021-11-22,23,0.234,0.2797,3,0,Other
AMD,2021-11-22,11,0.4764,0.4764,2,0,Other
AMZN,2021-11-22,14,0.1423,0.1423,2,0,Other
BA,2021-11-22,3,0.2965,0.2965,2,0,Other
CRM,2021-11-22,2,0.0016,0.0016,2,0,Other
DIS,2021-11-22,5,-0.0875,-0.0875,2,0,Other
GOOG,2021-11-22,2,0.0126,0.0126,2,0,Other
INTC,2021-11-22,2,0.4873,0.5848,3,0,Other
META,2021-11-22,7,0.1377,0.1483,2,0,Other
MSFT,2021-11-22,5,0.1734,0.2353,3,0,Other
NFLX,2021-11-22,3,0.2846,0.2846,2,0,Other
PYPL,2021-11-22,6,-0.103,-0.103,2,0,Other
TSLA,2021-11-22,124,0.1716,0.2058,4,0,Analyst Rating
AAPL,2021-11-23,6,0.1986,0.3668,3,0,Analyst Rating
AMD,2021-11-23,8,0.2392,0.2734,2,0,Other
AMZN,2021-11-23,7,0.1868,0.2542,2,0,Other
BA,2021-11-23,4,0.1589,0.1589,2,0,Other
CRM,2021-11-23,2,0.0228,0.0228,2,0,Other
INTC,2021-11-23,1,0.9635,0.9635,2,0,Other
META,2021-11-23,2,0.0001,0.0001,1,0,Other
MSFT,2021-11-23,2,0.0366,0.0366,2,0,Other
NFLX,2021-11-23,3,0.0279,0.0279,2,0,Other
PYPL,2021-11-23,2,0.4845,0.638,2,0,Other
TSLA,2021-11-23,129,0.101,0.1326,4,0,Product/Company News
AAPL,2021-11-24,17,0.1761,0.2289,5,0,Analyst Rating
AMD,2021-11-24,4,0.049,0.0929,2,0,Other
AMZN,2021-11-24,7,0.1576,0.1828,2,0,Other
DIS,2021-11-24,1,0.2434,0.2434,1,0,Other
GOOG,2021-11-24,1,0.0058,0.0058,1,0,Other
META,2021-11-24,8,0.1372,0.1565,2,0,Other
MSFT,2021-11-24,1,0.0584,0.0584,2,0,Product/Company News
NFLX,2021-11-24,2,0.275,0.275,2,0,Other
PYPL,2021-11-24,3,0.261,0.261,2,0,Other
TSLA,2021-11-24,98,0.0273,0.0338,3,0,Macroeconomic
AAPL,2021-11-25,5,-0.004,-0.004,1,0,Other
AMD,2021-11-25,3,0.0114,0.0114,1,0,Other
AMZN,2021-11-25,6,0.0209,0.031,2,0,Other
DIS,2021-11-25,1,-0.9725,-0.9725,3,0,Product/Company News
META,2021-11-25,1,0.0021,0.0021,1,0,Other
NFLX,2021-11-25,1,-0.0028,-0.0028,1,0,Other
TSLA,2021-11-25,64,0.0576,0.1267,4,0,Product/Company News
AAPL,2021-11-26,12,0.2722,0.2887,3,0,Product/Company News
AMD,2021-11-26,6,0.2892,0.3645,3,0,Analyst Rating
AMZN,2021-11-26,5,-0.0322,-0.0281,2,0,Other
BA,2021-11-26,4,-0.2138,-0.2138,2,0,Other
COST,2021-11-26,2,0.428,0.428,2,0,Other
GOOG,2021-11-26,1,0.0034,0.0034,1,0,Other
META,2021-11-26,7,0.1219,0.2282,4,0,Product/Company News
MSFT,2021-11-26,2,-0.018,-0.018,2,0,Other
NFLX,2021-11-26,2,0.0656,0.0656,2,0,Other
PYPL,2021-11-26,2,0.0274,0.0361,2,0,Other
TSLA,2021-11-26,90,0.0908,0.1241,4,0,Macroeconomic
AAPL,2021-11-27,8,-0.0571,-0.0899,2,0,Other
AMD,2021-11-27,6,-0.1407,-0.189,2,0,Product/Company News
AMZN,2021-11-27,4,0.067,0.0907,2,0,Other
COST,2021-11-27,1,-0.002,-0.002,2,0,Other
CRM,2021-11-27,1,0.0688,0.0688,2,0,Other
GOOG,2021-11-27,1,0.0001,0.0001,1,0,Other
META,2021-11-27,2,-0.3535,-0.4714,2,0,Other
NFLX,2021-11-27,2,-0.3536,-0.3536,2,0,Other
TSLA,2021-11-27,43,0.0171,0.0207,2,0,Product/Company News
AAPL,2021-11-28,5,0.1618,0.2692,2,0,Other
AMD,2021-11-28,7,0.2738,0.2738,2,0,Other
AMZN,2021-11-28,4,0.2432,0.3227,2,0,Other
CRM,2021-11-28,1,0.0022,0.0022,1,0,Other
DIS,2021-11-28,1,0.5871,0.5871,2,0,Other
META,2021-11-28,5,0.1645,0.233,2,0,Other
NFLX,2021-11-28,1,0.5495,0.5495,2,0,Other
PYPL,2021-11-28,1,-0.9076,-0.9076,2,0,Other
TSLA,2021-11-28,43,0.0784,0.0913,3,0,Product/Company News
AAPL,2021-11-29,10,-0.0534,-0.031,3,0,Product/Company News
AMD,2021-11-29,12,0.1133,0.1047,3,0,Other
AMZN,2021-11-29,12,0.2407,0.4393,6,0,Macroeconomic
BA,2021-11-29,1,-0.9652,-0.9652,2,0,Other
CRM,2021-11-29,2,0.0788,0.1053,4,0,Merger/Acquisition
DIS,2021-11-29,1,-0.0217,-0.0217,1,0,Other
GOOG,2021-11-29,1,0.9777,0.9777,2,0,Other
META,2021-11-29,7,-0.1381,-0.1381,2,0,Other
MSFT,2021-11-29,4,-0.2402,-0.3208,3,0,Other
NFLX,2021-11-29,6,0.028,0.0248,3,0,Other
PYPL,2021-11-29,1,-0.0013,-0.0013,1,0,Other
TSLA,2021-11-29,92,0.1976,0.272,5,0,Analyst Rating
AAPL,2021-11-30,16,0.1729,0.1631,3,0,Other
AMD,2021-11-30,9,0.1672,0.1875,2,0,Product/Company News
AMZN,2021-11-30,10,0.542,0.6304,4,0,Product/Company News
COST,2021-11-30,1,0.0067,0.0067,2,0,Other
CRM,2021-11-30,1,0.9756,0.9756,2,0,Other
INTC,2021-11-30,1,0.6538,0.6538,2,0,Other
META,2021-11-30,1,-0.0102,-0.0102,1,0,Other
MSFT,2021-11-30,1,0.9506,0.9506,2,0,Other
NFLX,2021-11-30,2,0.4754,0.4754,2,0,Other
PYPL,2021-11-30,2,0.031,0.031,1,0,Other
TSLA,2021-11-30,100,0.1416,0.2065,5,0,Analyst Rating
AAPL,2021-12-01,30,0.1082,0.137,3,0,Other
AMD,2021-12-01,2,-0.0052,-0.0052,1,0,Other
AMZN,2021-12-01,8,0.0607,0.0693,2,0,Other
BA,2021-12-01,1,0.0087,0.0087,1,0,Other
CRM,2021-12-01,1,0.0087,0.0087,2,0,Other
DIS,2021-12-01,1,0.0004,0.0004,1,0,Other
META,2021-12-01,4,-0.0571,-0.0768,2,0,Other
MSFT,2021-12-01,3,0.3278,0.3278,2,0,Other
NFLX,2021-12-01,3,0.0042,0.0042,2,0,Other
PYPL,2021-12-01,9,0.4681,0.5193,3,0,Other
TSLA,2021-12-01,105,0.0987,0.1367,4,0,Analyst Rating
AAPL,2021-12-02,26,-0.215,-0.1404,6,0,Analyst Rating
AMD,2021-12-02,5,0.0007,0.0025,2,0,Other
AMZN,2021-12-02,2,0.4324,0.5727,2,0,Other
BA,2021-12-02,3,0.0437,0.0437,2,0,Other
GOOG,2021-12-02,2,0.0281,0.0281,2,0,Other
INTC,2021-12-02,2,0.3407,0.3407,2,0,Other
META,2021-12-02,8,0.021,0.021,2,0,Other
NFLX,2021-12-02,1,0.0147,0.0147,1,0,Other
PYPL,2021-12-02,5,-0.1179,-0.1179,2,0,Other
TSLA,2021-12-02,124,0.1114,0.1676,6,0,Macroeconomic
AAPL,2021-12-03,7,0.2738,0.3194,2,0,Other
AMD,2021-12-03,4,-0.1773,-0.2366,2,0,Other
AMZN,2021-12-03,8,0.3483,0.3716,2,0,Other
BA,2021-12-03,2,0.119,0.1598,2,0,Other
COST,2021-12-03,1,-0.3555,-0.3555,2,0,Other
DIS,2021-12-03,2,0.3638,0.3638,2,0,Other
GOOG,2021-12-03,2,0.024,0.0308,2,0,Product/Company News
META,2021-12-03,9,0.0747,0.0747,2,0,Other
MSFT,2021-12-03,4,0.4302,0.4302,2,0,Other
NFLX,2021-12-03,1,0.9779,0.9779,2,0,Other
PYPL,2021-12-03,3,0.1652,0.1652,2,0,Other
TSLA,2021-12-03,109,0.0189,0.0212,5,0,Analyst Rating
AAPL,2021-12-04,9,0.0987,0.111,2,0,Other
AMD,2021-12-04,4,-0.1922,-0.2205,2,0,Other
AMZN,2021-12-04,5,0.2647,0.3306,2,0,Other
BA,2021-12-04,2,0.2838,0.2838,2,0,Other
CRM,2021-12-04,1,0.007,0.007,1,0,Other
DIS,2021-12-04,2,0.0,0.0,2,0,Other
META,2021-12-04,5,0.2685,0.2685,2,0,Other
MSFT,2021-12-04,1,0.5407,0.5407,2,0,Other
NFLX,2021-12-04,1,-0.1386,-0.1386,2,0,Other
PYPL,2021-12-04,1,-0.0009,-0.0009,1,0,Other
TSLA,2021-12-04,70,0.0803,0.1431,4,0,Macroeconomic
AAPL,2021-12-05,9,-0.0237,-0.0216,3,0,Geopolitical
AMD,2021-12-05,6,0.1643,0.1971,2,0,Other
AMZN,2021-12-05,3,-0.0145,-0.0145,1,0,Other
COST,2021-12-05,2,0.0302,0.0346,3,0,Earnings
DIS,2021-12-05,1,0.0017,0.0017,1,0,Other
INTC,2021-12-05,1,0.5916,0.5916,2,0,Other
META,2021-12-05,2,0.0205,0.0132,2,0,Product/Company News
NFLX,2021-12-05,1,-0.0174,-0.0174,1,0,Other
PYPL,2021-12-05,1,0.0017,0.0017,1,0,Other
TSLA,2021-12-05,75,0.1188,0.1652,3,0,Geopolitical
AAPL,2021-12-06,14,0.0445,0.1293,5,0,Analyst Rating
AMD,2021-12-06,6,0.1655,0.1977,2,0,Other
AMZN,2021-12-06,6,0.1708,0.1708,2,0,Other
BA,2021-12-06,4,0.2684,0.2684,2,0,Other
CRM,2021-12-06,1,0.0108,0.0108,2,0,Other
DIS,2021-12-06,2,0.4878,0.4878,2,0,Other
GOOG,2021-12-06,1,0.0036,0.0036,2,0,Product/Company News
INTC,2021-12-06,2,0.0064,0.0064,2,0,Product/Company News
KO,2021-12-06,1,0.0527,0.0527,2,0,Other
META,2021-12-06,6,0.0894,0.0894,2,0,Other
MSFT,2021-12-06,3,0.3193,0.3193,2,0,Other
NFLX,2021-12-06,2,0.5026,0.5026,2,0,Other
PYPL,2021-12-06,5,0.0096,0.0096,2,0,Other
TSLA,2021-12-06,149,0.1103,0.154,6,0,Credit Event
AAPL,2021-12-07,32,0.282,0.3758,6,0,Analyst Rating
AMD,2021-12-07,6,0.1916,0.2302,2,0,Other
AMZN,2021-12-07,10,0.1389,0.1389,2,0,Other
COST,2021-12-07,3,0.2441,0.2441,2,0,Other
DIS,2021-12-07,7,0.0061,0.0061,2,0,Other
GOOG,2021-12-07,2,-0.4772,-0.4772,2,0,Other
INTC,2021-12-07,9,0.3407,0.4902,6,0,Product/Company News
META,2021-12-07,11,0.1123,0.1123,2,0,Other
MSFT,2021-12-07,2,0.3624,0.3624,2,0,Other
NFLX,2021-12-07,1,0.0007,0.0007,2,0,Product/Company News
PYPL,2021-12-07,4,0.1379,0.1379,2,0,Other
TSLA,2021-12-07,123,0.1107,0.154,6,0,Legal/Regulatory
AAPL,2021-12-08,30,0.3139,0.3199,5,0,Analyst Rating
AMD,2021-12-08,5,0.3737,0.5316,2,0,Other
AMZN,2021-12-08,6,0.6046,0.6881,5,0,Analyst Rating
COST,2021-12-08,2,0.221,0.2623,3,0,Product/Company News
CRM,2021-12-08,1,0.4274,0.4274,3,0,Product/Company News
DIS,2021-12-08,5,0.1101,0.1389,3,0,Product/Company News
GOOG,2021-12-08,2,0.0633,0.0633,2,0,Other
INTC,2021-12-08,1,0.0008,0.0008,2,0,Other
KO,2021-12-08,1,0.4274,0.4274,3,0,Product/Company News
META,2021-12-08,4,0.0466,0.0624,2,0,Other
MSFT,2021-12-08,1,0.0004,0.0004,1,0,Other
NFLX,2021-12-08,2,0.2182,0.26,3,0,Product/Company News
PYPL,2021-12-08,8,0.3141,0.3844,3,0,Other
TSLA,2021-12-08,103,0.1619,0.2922,6,0,Macroeconomic
AAPL,2021-12-09,25,0.1681,0.19,3,0,Product/Company News
AMD,2021-12-09,6,0.005,0.0039,2,0,Other
AMZN,2021-12-09,4,0.3481,0.4644,2,0,Other
CRM,2021-12-09,1,0.0067,0.0067,2,0,Other
DIS,2021-12-09,1,0.0001,0.0001,1,0,Other
META,2021-12-09,10,0.0903,0.1002,2,0,Product/Company News
MSFT,2021-12-09,2,-0.0008,-0.0008,2,0,Other
NFLX,2021-12-09,1,0.4609,0.4609,2,0,Other
PYPL,2021-12-09,6,0.0183,0.0183,2,0,Other
TSLA,2021-12-09,104,-0.0185,-0.0245,4,0,Product/Company News
AAPL,2021-12-10,21,0.2247,0.2301,3,0,Product/Company News
AMD,2021-12-10,11,0.0786,0.0826,3,0,Product/Company News
AMZN,2021-12-10,9,-0.0979,-0.1036,2,0,Other
BA,2021-12-10,2,0.006,0.0081,2,0,Other
CRM,2021-12-10,1,-0.8631,-0.8631,2,0,Other
DIS,2021-12-10,2,0.1289,0.1289,2,0,Other
GOOG,2021-12-10,1,-0.0004,-0.0004,1,0,Other
META,2021-12-10,8,-0.1262,-0.1429,3,0,Legal/Regulatory
MSFT,2021-12-10,5,-0.1721,-0.2349,3,0,Other
NFLX,2021-12-10,4,-0.1898,-0.1898,2,0,Other
PYPL,2021-12-10,5,-0.3475,-0.3475,2,0,Other
TSLA,2021-12-10,114,0.0761,0.0872,3,0,Earnings
AAPL,2021-12-11,25,0.2778,0.272,4,0,Macroeconomic
AMD,2021-12-11,5,0.2192,0.197,3,0,Macroeconomic
AMZN,2021-12-11,2,0.5186,0.6726,2,0,Other
COST,2021-12-11,2,0.0769,0.0769,2,0,Other
CRM,2021-12-11,3,0.1593,0.1593,2,0,Other
DIS,2021-12-11,1,0.9776,0.9776,2,0,Other
GOOG,2021-12-11,1,-0.0003,-0.0003,1,0,Other
INTC,2021-12-11,1,0.4575,0.4575,2,0,Other
META,2021-12-11,2,0.487,0.487,2,0,Product/Company News
MSFT,2021-12-11,1,0.9807,0.9807,2,0,Other
PYPL,2021-12-11,2,-0.0096,-0.0096,1,0,Other
TSLA,2021-12-11,68,0.0897,0.1188,3,0,Product/Company News
AAPL,2021-12-12,13,0.0927,0.0999,2,0,Other
AMD,2021-12-12,6,0.1066,0.1264,2,0,Other
AMZN,2021-12-12,3,-0.0204,-0.0435,2,0,Other
CRM,2021-12-12,3,0.0153,0.0153,2,0,Other
DIS,2021-12-12,1,0.0075,0.0075,1,0,Other
GOOG,2021-12-12,2,-0.0033,-0.0038,2,0,Other
MSFT,2021-12-12,1,0.0536,0.0536,1,0,Other
PYPL,2021-12-12,2,0.0103,0.0103,1,0,Other
TSLA,2021-12-12,57,0.0655,0.0968,3,0,Macroeconomic
AAPL,2021-12-13,25,0.3517,0.4928,5,0,Analyst Rating
AMD,2021-12-13,9,0.0824,0.0871,2,0,Other
AMZN,2021-12-13,8,0.4401,0.6846,5,0,Analyst Rating
COST,2021-12-13,1,-0.0021,-0.0021,2,0,Other
CRM,2021-12-13,1,-0.0035,-0.0035,2,0,Other
DIS,2021-12-13,4,-0.1045,0.1579,6,0,Analyst Rating
GOOG,2021-12-13,1,0.8871,0.8871,2,0,Other
KO,2021-12-13,1,0.9817,0.9817,4,0,Analyst Rating
META,2021-12-13,3,0.2254,0.3378,2,0,Other
MSFT,2021-12-13,2,-0.1998,-0.1998,2,0,Other
NFLX,2021-12-13,1,0.0067,0.0067,1,0,Other
PYPL,2021-12-13,1,-0.0035,-0.0035,1,0,Other
TSLA,2021-12-13,117,0.0993,0.1411,5,0,Macroeconomic
AAPL,2021-12-14,26,0.1451,0.2918,6,0,Analyst Rating
AMD,2021-12-14,4,-0.1122,-0.1831,2,0,Other
AMZN,2021-12-14,3,0.1473,0.0638,3,0,Product/Company News
BA,2021-12-14,1,0.0057,0.0057,1,0,Other
COST,2021-12-14,1,0.0722,0.0722,2,0,Other
DIS,2021-12-14,4,0.1933,0.2753,3,0,Other
GOOG,2021-12-14,3,0.1402,0.1402,2,0,Other
META,2021-12-14,2,0.486,0.7159,3,0,Product/Company News
NFLX,2021-12-14,1,-0.935,-0.935,2,0,Other
PYPL,2021-12-14,2,0.0058,0.0058,1,0,Other
TSLA,2021-12-14,139,0.0133,0.0279,5,0,Analyst Rating
AAPL,2021-12-15,15,0.1424,0.1561,5,0,Analyst Rating
AMD,2021-12-15,9,0.459,0.488,3,0,Analyst Rating
AMZN,2021-12-15,7,0.4731,0.5054,3,0,Product/Company News
BA,2021-12-15,2,0.2576,0.3106,3,0,Analyst Rating
COST,2021-12-15,2,0.3575,0.3575,2,0,Other
DIS,2021-12-15,1,0.5229,0.5229,3,0,Analyst Rating
GOOG,2021-12-15,2,0.0173,0.0173,2,0,Other
INTC,2021-12-15,1,0.0005,0.0005,2,0,Product/Company News
KO,2021-12-15,1,0.1509,0.1509,2,0,Other
META,2021-12-15,6,0.1121,0.1316,2,0,Other
MSFT,2021-12-15,3,0.0118,0.0118,2,0,Other
NFLX,2021-12-15,2,0.259,0.391,3,0,Analyst Rating
PYPL,2021-12-15,5,-0.0451,0.0066,3,0,Analyst Rating
TSLA,2021-12-15,98,0.0552,0.0678,6,0,Macroeconomic
AAPL,2021-12-16,15,0.2637,0.2728,2,0,Other
AMD,2021-12-16,10,0.1857,0.1857,2,0,Other
AMZN,2021-12-16,11,0.0681,0.0681,2,0,Other
BA,2021-12-16,1,-0.0028,-0.0028,1,0,Other
COST,2021-12-16,1,0.002,0.002,2,0,Other
DIS,2021-12-16,3,-0.0016,-0.0016,2,0,Other
GOOG,2021-12-16,1,0.002,0.002,2,0,Other
KO,2021-12-16,1,-0.1118,-0.1118,2,0,Other
META,2021-12-16,9,0.0587,0.0527,4,0,Merger/Acquisition
MSFT,2021-12-16,2,0.0006,0.0006,2,0,Other
NFLX,2021-12-16,2,0.0923,0.0923,2,0,Other
PYPL,2021-12-16,4,0.004,0.004,2,0,Other
TSLA,2021-12-16,108,0.0587,0.095,6,0,Macroeconomic
AAPL,2021-12-17,14,0.3781,0.3904,2,0,Other
AMD,2021-12-17,3,0.3136,0.3702,2,0,Other
AMZN,2021-12-17,7,0.1149,0.1149,2,0,Other
BA,2021-12-17,3,-0.0761,-0.1032,3,0,Product/Company News
COST,2021-12-17,1,0.9235,0.9235,2,0,Other
GOOG,2021-12-17,2,-0.1556,-0.1556,2,0,Other
KO,2021-12-17,1,-0.4551,-0.4551,2,0,Other
META,2021-12-17,7,0.2019,0.2174,2,0,Other
MSFT,2021-12-17,2,0.3554,0.3554,2,0,Other
NFLX,2021-12-17,1,0.0306,0.0306,1,0,Other
TSLA,2021-12-17,118,0.0553,0.0542,5,0,Macroeconomic
AAPL,2021-12-18,8,-0.0923,-0.1668,2,0,Other
AMD,2021-12-18,3,0.0023,0.0023,1,0,Other
AMZN,2021-12-18,5,0.0129,0.0176,2,0,Other
DIS,2021-12-18,1,-0.2274,-0.2274,2,0,Other
GOOG,2021-12-18,2,0.0127,0.0127,2,0,Other
KO,2021-12-18,2,0.3539,0.3539,2,0,Other
META,2021-12-18,3,0.0155,0.022,2,0,Other
MSFT,2021-12-18,2,0.0198,0.0271,2,0,Other
NFLX,2021-12-18,2,-0.0201,-0.0201,1,0,Other
TSLA,2021-12-18,58,0.0393,0.0675,3,0,Product/Company News
AAPL,2021-12-19,6,-0.1431,-0.2192,2,0,Product/Company News
AMD,2021-12-19,3,0.0006,0.0006,1,0,Other
AMZN,2021-12-19,6,0.0072,0.0083,2,0,Other
COST,2021-12-19,1,0.0136,0.0136,2,0,Other
DIS,2021-12-19,1,0.6408,0.6408,2,0,Other
GOOG,2021-12-19,1,-0.8988,-0.8988,2,0,Other
INTC,2021-12-19,1,0.0136,0.0136,2,0,Other
KO,2021-12-19,1,0.0136,0.0136,2,0,Other
META,2021-12-19,4,0.01,0.0099,2,0,Other
MSFT,2021-12-19,1,0.004,0.004,2,0,Product/Company News
NFLX,2021-12-19,1,0.0108,0.0108,1,0,Other
PYPL,2021-12-19,1,0.002,0.002,1,0,Other
TSLA,2021-12-19,59,0.017,0.0354,3,0,Geopolitical
AAPL,2021-12-20,7,0.0932,0.1447,2,0,Other
AMD,2021-12-20,6,0.0144,0.0169,2,0,Other
AMZN,2021-12-20,8,0.0476,0.0476,2,0,Other
BA,2021-12-20,1,0.052,0.052,1,0,Other
DIS,2021-12-20,5,0.1295,0.1607,3,0,Product/Company News
GOOG,2021-12-20,3,-0.2992,-0.2992,2,0,Other
META,2021-12-20,4,-0.0327,-0.0327,2,0,Other
MSFT,2021-12-20,3,-0.0235,-0.0235,2,0,Other
NFLX,2021-12-20,1,0.0117,0.0117,1,0,Other
PYPL,2021-12-20,3,0.2239,0.2717,3,0,Product/Company News
TSLA,2021-12-20,96,0.0558,0.0579,5,0,Macroeconomic
AAPL,2021-12-21,3,-0.0626,-0.0418,2,0,Macroeconomic
AMD,2021-12-21,3,0.2273,0.2652,2,0,Other
AMZN,2021-12-21,4,0.1214,0.1924,2,0,Other
BA,2021-12-21,1,0.4425,0.4425,3,0,Product/Company News
GOOG,2021-12-21,3,0.1661,0.1986,2,0,Other
KO,2021-12-21,1,-0.001,-0.001,2,0,Other
META,2021-12-21,4,0.3952,0.5269,2,0,Other
PYPL,2021-12-21,1,-0.0275,-0.0275,1,0,Other
TSLA,2021-12-21,95,0.1051,0.135,4,0,Earnings
AAPL,2021-12-22,16,0.1884,0.349,5,0,Analyst Rating
AMD,2021-12-22,7,0.1298,0.1431,2,0,Other
AMZN,2021-12-22,8,-0.1031,-0.1031,2,0,Other
BA,2021-12-22,2,-0.0049,-0.0049,1,0,Other
CRM,2021-12-22,1,0.5342,0.5342,2,0,Other
DIS,2021-12-22,2,0.0035,0.0035,2,0,Other
GOOG,2021-12-22,1,0.0093,0.0093,1,0,Other
INTC,2021-12-22,2,-0.0054,-0.0054,2,0,Other
MSFT,2021-12-22,1,0.9523,0.9523,2,0,Other
NFLX,2021-12-22,1,0.9523,0.9523,2,0,Other
PYPL,2021-12-22,2,-0.0002,-0.0002,1,0,Other
TSLA,2021-12-22,155,0.1586,0.1799,4,0,Product/Company News
AAPL,2021-12-23,12,0.0993,0.1085,2,0,Other
AMD,2021-12-23,4,0.2893,0.3308,2,0,Product/Company News
AMZN,2021-12-23,7,0.0317,0.0317,2,0,Other
BA,2021-12-23,1,-0.0026,-0.0026,1,0,Other
COST,2021-12-23,1,-0.428,-0.428,2,0,Other
CRM,2021-12-23,1,0.0066,0.0066,2,0,Other
DIS,2021-12-23,1,0.0247,0.0247,2,0,Other
GOOG,2021-12-23,2,0.0437,0.0437,2,0,Other
META,2021-12-23,7,0.0409,0.0409,2,0,Other
MSFT,2021-12-23,1,0.148,0.148,2,0,Other
NFLX,2021-12-23,4,0.0735,0.0735,2,0,Other
PYPL,2021-12-23,6,0.4049,0.4446,3,0,Other
TSLA,2021-12-23,166,0.2012,0.2335,4,0,Product/Company News
AAPL,2021-12-24,7,0.2663,0.3344,2,0,Other
AMD,2021-12-24,5,0.3738,0.4151,2,0,Other
AMZN,2021-12-24,5,-0.1415,-0.1571,2,0,Other
BA,2021-12-24,2,0.125,0.1832,3,0,Product/Company News
CRM,2021-12-24,1,-0.0007,-0.0007,2,0,Other
DIS,2021-12-24,2,0.9358,0.9447,3,0,Other
META,2021-12-24,4,0.0084,0.0084,1,0,Other
MSFT,2021-12-24,1,-0.0015,-0.0015,1,0,Other
TSLA,2021-12-24,81,0.1217,0.1716,4,0,Analyst Rating
AAPL,2021-12-25,1,0.0758,0.0758,1,0,Other
AMD,2021-12-25,7,0.0264,0.027,2,0,Other
AMZN,2021-12-25,2,0.3218,0.414,2,0,Other
META,2021-12-25,4,0.4831,0.6454,2,0,Other
TSLA,2021-12-25,63,0.0887,0.1387,4,0,Analyst Rating
AAPL,2021-12-26,4,0.3582,0.4785,2,0,Other
AMD,2021-12-26,9,0.1053,0.1053,2,0,Product/Company News
AMZN,2021-12-26,9,0.3065,0.3065,2,0,Other
BA,2021-12-26,1,-0.0025,-0.0025,1,0,Other
COST,2021-12-26,1,0.0248,0.0248,1,0,Other
DIS,2021-12-26,2,0.4849,0.4849,2,0,Other
META,2021-12-26,7,0.1683,0.1802,2,0,Other
MSFT,2021-12-26,1,0.0117,0.0117,1,0,Other
NFLX,2021-12-26,1,-0.0037,-0.0037,1,0,Other
PYPL,2021-12-26,5,-0.0155,-0.0155,2,0,Other
TSLA,2021-12-26,48,0.13,0.1854,3,0,Product/Company News
AAPL,2021-12-27,18,0.2646,0.2885,2,0,Other
AMD,2021-12-27,8,0.2786,0.2973,2,0,Other
AMZN,2021-12-27,12,0.1666,0.1666,2,0,Other
BA,2021-12-27,1,0.8032,0.8032,2,0,Other
COST,2021-12-27,1,-0.0017,-0.0017,2,0,Other
DIS,2021-12-27,6,0.2014,0.2564,3,0,Other
GOOG,2021-12-27,1,0.0007,0.0007,1,0,Other
INTC,2021-12-27,1,0.0038,0.0038,2,0,Other
META,2021-12-27,11,0.4044,0.4267,3,0,Other
MSFT,2021-12-27,3,0.5989,0.5989,2,0,Other
NFLX,2021-12-27,4,0.1974,0.2647,3,0,Other
PYPL,2021-12-27,6,0.366,0.4068,3,0,Other
TSLA,2021-12-27,113,0.171,0.2077,5,0,Macroeconomic
AAPL,2021-12-28,26,-0.0322,-0.1081,4,0,Product/Company News
AMD,2021-12-28,5,0.0099,0.0066,2,0,Other
AMZN,2021-12-28,13,0.0438,0.0438,2,0,Other
BA,2021-12-28,1,0.0026,0.0026,1,0,Other
COST,2021-12-28,1,0.0026,0.0026,2,0,Other
CRM,2021-12-28,1,0.0474,0.0474,2,0,Other
DIS,2021-12-28,3,0.2485,0.3766,4,0,Product/Company News
GOOG,2021-12-28,6,0.0078,0.0084,3,0,Product/Company News
INTC,2021-12-28,1,0.5814,0.5814,2,0,Other
META,2021-12-28,10,0.0835,0.0835,2,0,Other
MSFT,2021-12-28,2,0.0402,0.0402,1,0,Other
NFLX,2021-12-28,5,-0.0013,-0.0013,2,0,Other
PYPL,2021-12-28,3,0.1673,0.1673,2,0,Other
TSLA,2021-12-28,110,0.2104,0.3132,5,0,Macroeconomic
AAPL,2021-12-29,10,-0.0409,-0.0394,3,0,Macroeconomic
AMD,2021-12-29,9,0.1333,0.1419,3,0,Product/Company News
AMZN,2021-12-29,9,0.2375,0.2803,3,0,Product/Company News
BA,2021-12-29,2,-0.001,-0.001,2,0,Other
COST,2021-12-29,2,0.4758,0.4758,2,0,Other
CRM,2021-12-29,1,0.0081,0.0081,2,0,Other
DIS,2021-12-29,7,0.0427,0.0427,2,0,Other
GOOG,2021-12-29,4,0.3565,0.3175,3,0,Merger/Acquisition
KO,2021-12-29,1,0.0104,0.0104,2,0,Other
META,2021-12-29,12,0.0715,0.0699,4,0,Merger/Acquisition
MSFT,2021-12-29,1,0.0091,0.0091,1,0,Other
NFLX,2021-12-29,3,0.0478,0.0478,2,0,Other
PYPL,2021-12-29,5,-0.0129,-0.0129,2,0,Other
TSLA,2021-12-29,162,0.1171,0.1512,5,0,Analyst Rating
AAPL,2021-12-30,3,0.1437,0.1721,2,0,Other
AMD,2021-12-30,9,0.1127,0.1263,2,0,Other
AMZN,2021-12-30,11,0.0144,0.0144,2,0,Other
COST,2021-12-30,4,0.0003,0.0003,2,0,Other
CRM,2021-12-30,6,0.0045,0.0045,2,0,Other
DIS,2021-12-30,12,0.0638,0.0855,3,0,Other
GOOG,2021-12-30,10,-0.0661,-0.1012,3,0,Other
KO,2021-12-30,1,0.0016,0.0016,1,0,Other
META,2021-12-30,1,0.0031,0.0031,1,0,Other
MSFT,2021-12-30,2,-0.0002,-0.0002,2,0,Other
NFLX,2021-12-30,1,0.0007,0.0007,1,0,Other
PYPL,2021-12-30,2,0.5102,0.5102,2,0,Other
TSLA,2021-12-30,114,0.088,0.1045,4,0,Analyst Rating
AAPL,2021-12-31,5,0.5388,0.6964,3,0,Product/Company News
AMD,2021-12-31,5,0.1015,0.1251,2,0,Other
AMZN,2021-12-31,4,0.0036,0.0035,2,0,Analyst Rating
BA,2021-12-31,1,0.0033,0.0033,2,0,Analyst Rating
CRM,2021-12-31,4,0.0305,0.0305,2,0,Other
DIS,2021-12-31,5,0.001,0.001,2,0,Other
GOOG,2021-12-31,4,0.0134,0.0161,2,0,Other
META,2021-12-31,8,0.1796,0.1796,2,0,Other
MSFT,2021-12-31,1,-0.0012,-0.0012,1,0,Other
PYPL,2021-12-31,3,0.0354,0.0443,2,0,Other
TSLA,2021-12-31,129,0.1136,0.1786,5,0,Macroeconomic
AAPL,2022-01-01,7,0.413,0.5261,2,0,Other
AMD,2022-01-01,2,0.0031,0.002,2,0,Analyst Rating
AMZN,2022-01-01,18,0.3295,0.3795,3,0,Other
BA,2022-01-01,1,-0.0072,-0.0072,1,0,Other
DIS,2022-01-01,6,-0.1181,-0.109,3,0,Analyst Rating
GOOG,2022-01-01,3,0.6378,0.6378,2,0,Other
INTC,2022-01-01,1,0.8634,0.8634,2,0,Other
META,2022-01-01,8,0.3502,0.3502,2,0,Other
MSFT,2022-01-01,5,0.5707,0.6082,3,0,Other
NFLX,2022-01-01,2,0.4912,0.4912,2,0,Other
PYPL,2022-01-01,2,0.0098,0.0098,1,0,Other
TSLA,2022-01-01,68,0.1758,0.2612,4,0,Product/Company News
AAPL,2022-01-02,7,0.2772,0.3856,2,0,Other
AMD,2022-01-02,6,0.1933,0.21,2,0,Other
AMZN,2022-01-02,10,0.0821,0.0915,2,0,Other
BA,2022-01-02,1,-0.0012,-0.0012,1,0,Other
DIS,2022-01-02,3,0.5181,0.5181,2,0,Other
GOOG,2022-01-02,3,-0.005,-0.006,2,0,Other
INTC,2022-01-02,2,0.307,0.307,2,0,Other
KO,2022-01-02,1,-0.0006,-0.0006,2,0,Other
META,2022-01-02,8,0.1594,0.1594,2,0,Other
MSFT,2022-01-02,1,-0.0051,-0.0051,1,0,Other
NFLX,2022-01-02,2,-0.0028,-0.003,2,0,Other
PYPL,2022-01-02,1,0.5221,0.5221,2,0,Other
TSLA,2022-01-02,174,0.2415,0.314,5,0,Macroeconomic
AAPL,2022-01-03,52,0.319,0.3717,4,0,Product/Company News
AMD,2022-01-03,7,0.4204,0.4405,3,0,Analyst Rating
AMZN,2022-01-03,9,0.3182,0.3558,2,0,Other
BA,2022-01-03,1,0.9667,0.9667,2,0,Other
COST,2022-01-03,2,0.4637,0.4637,2,0,Other
CRM,2022-01-03,2,0.9404,0.9454,3,0,Other
DIS,2022-01-03,2,0.482,0.6432,2,0,Other
GOOG,2022-01-03,6,0.1688,0.2262,3,0,Other
KO,2022-01-03,1,0.0108,0.0108,2,0,Other
META,2022-01-03,11,0.2648,0.3087,3,0,Other
MSFT,2022-01-03,3,0.3361,0.3958,2,0,Other
NFLX,2022-01-03,2,0.4924,0.4924,2,0,Other
PYPL,2022-01-03,6,0.485,0.6483,6,0,Analyst Rating
TSLA,2022-01-03,282,0.2701,0.3367,6,0,Analyst Rating
AAPL,2022-01-04,31,0.1967,0.2619,6,0,Macroeconomic
AMD,2022-01-04,17,0.1365,0.1895,5,0,Product/Company News
AMZN,2022-01-04,14,0.4385,0.5059,5,0,Analyst Rating
BA,2022-01-04,3,0.1119,0.23,3,0,Other
CRM,2022-01-04,1,0.045,0.045,2,0,Other
DIS,2022-01-04,4,0.2393,0.317,3,0,Other
GOOG,2022-01-04,3,0.0746,0.0746,2,0,Other
INTC,2022-01-04,1,-0.0033,-0.0033,2,0,Other
KO,2022-01-04,1,-0.0044,-0.0044,2,0,Other
META,2022-01-04,10,-0.0086,-0.0117,2,0,Product/Company News
MSFT,2022-01-04,1,-0.0011,-0.0011,2,0,Product/Company News
NFLX,2022-01-04,4,0.0015,0.0015,2,0,Other
PYPL,2022-01-04,9,0.209,0.2226,2,0,Other
TSLA,2022-01-04,184,0.1954,0.2435,6,0,Analyst Rating
AAPL,2022-01-05,6,-0.1146,-0.1994,2,0,Other
AMD,2022-01-05,10,0.1279,0.1346,2,0,Other
AMZN,2022-01-05,13,0.1026,0.1066,3,0,Product/Company News
BA,2022-01-05,3,0.0011,0.0011,2,0,Other
CRM,2022-01-05,2,-0.4446,-0.5516,3,0,Other
DIS,2022-01-05,2,0.5778,0.7056,4,0,Product/Company News
GOOG,2022-01-05,2,-0.0081,-0.0081,2,0,Other
INTC,2022-01-05,2,-0.0254,-0.0254,2,0,Other
KO,2022-01-05,1,-0.0016,-0.0016,2,0,Other
META,2022-01-05,8,0.0067,0.0067,2,0,Other
MSFT,2022-01-05,2,0.001,0.0001,2,0,Other
NFLX,2022-01-05,4,0.0086,0.0086,2,0,Other
PYPL,2022-01-05,3,0.2884,0.2884,2,0,Other
TSLA,2022-01-05,154,0.1015,0.1655,6,0,Earnings
AAPL,2022-01-06,7,0.1449,0.2457,2,0,Other
AMD,2022-01-06,4,-0.23,-0.3081,2,0,Other
AMZN,2022-01-06,3,-0.2998,-0.467,2,0,Other
CRM,2022-01-06,2,0.0033,0.0033,2,0,Other
DIS,2022-01-06,2,0.3251,0.3251,2,0,Other
INTC,2022-01-06,2,-0.0014,-0.0014,2,0,Other
META,2022-01-06,6,0.4807,0.6706,5,0,Analyst Rating
PYPL,2022-01-06,2,-0.4766,-0.6351,2,0,Other
TSLA,2022-01-06,122,0.1383,0.221,5,0,Macroeconomic
AAPL,2022-01-07,16,0.0481,0.0982,4,0,Product/Company News
AMD,2022-01-07,4,0.2551,0.3954,2,0,Other
AMZN,2022-01-07,11,-0.0782,-0.0782,2,0,Other
BA,2022-01-07,2,0.3126,0.3827,3,0,Product/Company News
COST,2022-01-07,1,0.0019,0.0019,2,0,Other
CRM,2022-01-07,1,-0.0044,-0.0044,2,0,Other
DIS,2022-01-07,1,0.0009,0.0009,1,0,Other
KO,2022-01-07,2,-0.0166,-0.0166,2,0,Other
META,2022-01-07,15,0.0105,0.0105,2,0,Other
MSFT,2022-01-07,5,0.01,0.01,2,0,Other
PYPL,2022-01-07,9,0.1692,0.0738,6,0,Macroeconomic
TSLA,2022-01-07,128,0.1121,0.1436,5,0,Macroeconomic
AAPL,2022-01-08,7,-0.1085,-0.1478,2,0,Other
AMD,2022-01-08,5,-0.0051,-0.0075,2,0,Other
AMZN,2022-01-08,7,0.2785,0.3001,3,0,Macroeconomic
GOOG,2022-01-08,1,-0.3417,-0.3417,2,0,Other
META,2022-01-08,3,0.0006,0.0006,1,0,Other
MSFT,2022-01-08,2,-0.019,-0.019,2,0,Other
NFLX,2022-01-08,1,-0.0105,-0.0105,1,0,Other
PYPL,2022-01-08,5,-0.0236,-0.0236,2,0,Other
TSLA,2022-01-08,82,0.0093,0.0256,4,0,Product/Company News
AAPL,2022-01-09,11,0.0454,0.0465,2,0,Other
AMD,2022-01-09,6,-0.0192,-0.0192,2,0,Other
AMZN,2022-01-09,6,-0.3674,-0.4901,2,0,Other
CRM,2022-01-09,1,-0.9689,-0.9689,2,0,Other
GOOG,2022-01-09,6,-0.24,-0.2956,3,0,Other
KO,2022-01-09,1,0.0006,0.0006,2,0,Other
META,2022-01-09,6,0.0977,0.1168,2,0,Other
MSFT,2022-01-09,2,-0.1349,-0.1349,2,0,Other
NFLX,2022-01-09,2,0.4772,0.4772,2,0,Other
PYPL,2022-01-09,2,0.0043,0.0064,2,0,Product/Company News
TSLA,2022-01-09,59,0.0217,0.0269,3,0,Product/Company News
AAPL,2022-01-10,12,0.1456,0.2418,4,0,Product/Company News
AMD,2022-01-10,8,0.0042,0.0042,2,0,Product/Company News
AMZN,2022-01-10,10,0.1988,0.2903,4,0,Macroeconomic
BA,2022-01-10,2,0.0028,0.0028,2,0,Other
COST,2022-01-10,2,0.0343,0.0343,2,0,Other
CRM,2022-01-10,1,-0.9681,-0.9681,2,0,Other
DIS,2022-01-10,1,-0.0005,-0.0005,1,0,Other
GOOG,2022-01-10,4,0.0259,-0.0934,3,0,Other
INTC,2022-01-10,1,0.2612,0.2612,2,0,Other
KO,2022-01-10,1,0.0183,0.0183,1,0,Other
META,2022-01-10,12,0.2124,0.2429,3,0,Other
MSFT,2022-01-10,2,-0.0859,-0.0859,2,0,Other
NFLX,2022-01-10,2,-0.484,-0.484,2,0,Other
PYPL,2022-01-10,6,-0.1549,-0.2175,3,0,Other
TSLA,2022-01-10,123,0.1497,0.1888,6,0,Credit Event
AAPL,2022-01-11,8,0.2432,0.3504,2,0,Other
AMD,2022-01-11,11,0.2504,0.3242,3,0,Other
AMZN,2022-01-11,4,0.2818,0.4747,4,0,Analyst Rating
BA,2022-01-11,1,0.0182,0.0182,1,0,Other
COST,2022-01-11,3,0.131,0.131,2,0,Other
DIS,2022-01-11,2,0.0811,0.0811,2,0,Other
GOOG,2022-01-11,2,-0.0154,-0.0209,2,0,Other
INTC,2022-01-11,1,-0.027,-0.027,2,0,Other
KO,2022-01-11,1,0.0075,0.0075,1,0,Other
META,2022-01-11,4,0.2463,0.3903,2,0,Other
MSFT,2022-01-11,1,0.0218,0.0218,1,0,Other
NFLX,2022-01-11,2,0.1636,0.1636,2,0,Other
PYPL,2022-01-11,2,0.4595,0.4595,2,0,Other
TSLA,2022-01-11,122,0.2785,0.3889,5,0,Macroeconomic
AAPL,2022-01-12,14,0.318,0.3208,5,0,Merger/Acquisition
AMD,2022-01-12,11,0.1794,0.1794,2,0,Other
AMZN,2022-01-12,14,0.1661,0.2398,5,0,Analyst Rating
BA,2022-01-12,6,0.3295,0.4203,3,0,Other
CRM,2022-01-12,2,0.4844,0.4844,2,0,Other
DIS,2022-01-12,2,0.0033,0.0033,2,0,Other
GOOG,2022-01-12,5,0.0038,0.0028,4,0,Macroeconomic
INTC,2022-01-12,3,-0.2238,-0.2238,2,0,Other
KO,2022-01-12,1,-0.0002,-0.0002,2,0,Earnings
META,2022-01-12,3,0.0022,0.0228,2,0,Other
MSFT,2022-01-12,3,0.3262,0.3262,2,0,Other
NFLX,2022-01-12,2,0.1926,0.1926,2,0,Other
PYPL,2022-01-12,2,0.0222,0.0222,1,0,Other
TSLA,2022-01-12,133,0.1786,0.2806,6,0,Macroeconomic
AAPL,2022-01-13,8,0.0073,-0.0042,2,0,Other
AMD,2022-01-13,3,0.0073,0.0073,1,0,Other
AMZN,2022-01-13,2,0.4324,0.5755,2,0,Other
BA,2022-01-13,3,0.5763,0.6338,3,0,Other
CRM,2022-01-13,1,-0.002,-0.002,1,0,Other
DIS,2022-01-13,2,0.1652,0.1652,2,0,Other
GOOG,2022-01-13,1,-0.002,-0.002,1,0,Other
INTC,2022-01-13,1,0.0103,0.0103,2,0,Product/Company News
META,2022-01-13,4,0.0364,0.0365,2,0,Other
NFLX,2022-01-13,2,-0.0011,-0.0014,2,0,Other
PYPL,2022-01-13,4,0.0199,0.0228,2,0,Other
TSLA,2022-01-13,156,-0.0145,-0.01,4,0,Product/Company News
AAPL,2022-01-14,9,0.0812,0.086,2,0,Other
AMD,2022-01-14,8,0.0397,0.0397,2,0,Other
AMZN,2022-01-14,7,0.3058,0.3058,2,0,Other
BA,2022-01-14,1,0.0314,0.0314,1,0,Other
GOOG,2022-01-14,2,0.0894,0.0894,2,0,Other
KO,2022-01-14,3,0.0204,0.0204,2,0,Other
META,2022-01-14,4,0.0013,0.0035,2,0,Product/Company News
MSFT,2022-01-14,1,-0.0019,-0.0019,1,0,Other
NFLX,2022-01-14,4,0.0087,0.0087,2,0,Other
PYPL,2022-01-14,2,0.109,0.1453,2,0,Other
TSLA,2022-01-14,167,0.0484,0.0616,5,0,Analyst Rating
AAPL,2022-01-15,4,0.0142,0.0052,2,0,Product/Company News
AMD,2022-01-15,4,0.0649,0.0743,2,0,Other
AMZN,2022-01-15,8,0.3794,0.3971,3,0,Product/Company News
BA,2022-01-15,2,-0.0289,-0.0289,2,0,Other
COST,2022-01-15,3,-0.0116,-0.0116,2,0,Other
CRM,2022-01-15,1,-0.0022,-0.0022,2,0,Other
GOOG,2022-01-15,2,0.0033,0.001,2,0,Other
KO,2022-01-15,2,0.1393,0.1393,2,0,Other
META,2022-01-15,5,0.2016,0.2016,2,0,Other
MSFT,2022-01-15,3,0.0293,0.0293,2,0,Other
NFLX,2022-01-15,3,0.5656,0.6424,4,0,Product/Company News
PYPL,2022-01-15,2,0.0028,0.0028,1,0,Other
TSLA,2022-01-15,84,0.0835,0.1375,4,0,Analyst Rating
AAPL,2022-01-16,4,0.4735,0.6348,2,0,Other
AMD,2022-01-16,2,0.0048,0.0048,1,0,Other
AMZN,2022-01-16,4,-0.0068,-0.0068,1,0,Other
BA,2022-01-16,2,0.0008,0.0008,2,0,Other
COST,2022-01-16,1,0.4442,0.4442,2,0,Other
KO,2022-01-16,1,0.0043,0.0043,2,0,Other
META,2022-01-16,3,-0.0087,-0.0087,1,0,Other
MSFT,2022-01-16,1,-0.0264,-0.0264,1,0,Other
NFLX,2022-01-16,1,0.0009,0.0009,1,0,Other
PYPL,2022-01-16,2,0.051,0.066,2,0,Other
TSLA,2022-01-16,96,0.0973,0.1398,3,0,Product/Company News
AAPL,2022-01-17,3,-0.038,-0.0444,2,0,Other
AMD,2022-01-17,4,0.0047,0.0047,1,0,Other
AMZN,2022-01-17,3,-0.3125,-0.4745,2,0,Other
BA,2022-01-17,3,0.3248,0.3248,2,0,Other
CRM,2022-01-17,1,0.8912,0.8912,3,0,Product/Company News
INTC,2022-01-17,1,-0.0056,-0.0056,1,0,Other
KO,2022-01-17,1,0.0171,0.0171,2,0,Other
META,2022-01-17,2,-0.483,-0.6421,2,0,Other
MSFT,2022-01-17,1,-0.0056,-0.0056,1,0,Other
NFLX,2022-01-17,2,-0.483,-0.6421,2,0,Other
PYPL,2022-01-17,1,0.0293,0.0293,1,0,Other
TSLA,2022-01-17,81,0.112,0.1699,4,0,Product/Company News
AAPL,2022-01-18,8,-0.0717,-0.0776,2,0,Other
AMD,2022-01-18,4,0.0212,0.0268,2,0,Product/Company News
AMZN,2022-01-18,7,-0.0019,-0.0123,2,0,Other
BA,2022-01-18,4,-0.203,-0.3494,4,0,Product/Company News
COST,2022-01-18,1,0.1134,0.1134,2,0,Other
CRM,2022-01-18,1,-0.1597,-0.1597,2,0,Other
DIS,2022-01-18,1,-0.0004,-0.0004,1,0,Other
GOOG,2022-01-18,1,0.0073,0.0073,1,0,Other
META,2022-01-18,5,-0.1514,-0.4698,6,0,Merger/Acquisition
MSFT,2022-01-18,1,0.0003,0.0003,1,0,Other
NFLX,2022-01-18,3,-0.0025,-0.0025,2,0,Other
PYPL,2022-01-18,4,0.1132,0.1132,2,0,Other
TSLA,2022-01-18,94,0.089,0.136,5,0,Macroeconomic
AAPL,2022-01-19,10,-0.0544,0.0824,5,0,Analyst Rating
AMD,2022-01-19,3,0.0007,0.0007,1,0,Other
AMZN,2022-01-19,5,-0.0656,-0.0832,2,0,Other
BA,2022-01-19,3,-0.1671,-0.1671,2,0,Other
DIS,2022-01-19,3,0.1084,0.1977,4,0,Product/Company News
GOOG,2022-01-19,2,-0.4582,-0.6114,2,0,Other
INTC,2022-01-19,1,0.006,0.006,2,0,Product/Company News
KO,2022-01-19,1,0.0065,0.0065,2,0,Earnings
META,2022-01-19,9,-0.0582,0.0846,5,0,Analyst Rating
MSFT,2022-01-19,3,-0.3067,-0.368,2,0,Other
NFLX,2022-01-19,6,0.3327,0.4821,6,0,Earnings
PYPL,2022-01-19,5,-0.1874,-0.1548,3,0,Analyst Rating
TSLA,2022-01-19,97,0.1003,0.1995,5,0,Macroeconomic
AAPL,2022-01-20,5,-0.3329,-0.4199,2,0,Other
AMD,2022-01-20,9,0.2093,0.2494,3,0,Other
AMZN,2022-01-20,4,-0.221,-0.3011,2,0,Other
BA,2022-01-20,1,0.0402,0.0402,1,0,Other
COST,2022-01-20,1,0.0003,0.0003,2,0,Earnings
DIS,2022-01-20,3,0.0766,0.0766,2,0,Other
GOOG,2022-01-20,1,0.0015,0.0015,1,0,Other
META,2022-01-20,2,-0.0156,-0.0096,2,0,Product/Company News
NFLX,2022-01-20,4,0.2042,0.2042,2,0,Other
PYPL,2022-01-20,1,0.0022,0.0022,1,0,Other
TSLA,2022-01-20,105,0.1377,0.1493,5,0,Macroeconomic
AAPL,2022-01-21,9,0.398,0.5437,5,0,Analyst Rating
AMD,2022-01-21,4,0.3079,0.3487,2,0,Other
AMZN,2022-01-21,30,-0.1888,-0.2384,3,0,Other
COST,2022-01-21,1,-0.0032,-0.0032,1,0,Other
DIS,2022-01-21,3,-0.2141,-0.2141,2,0,Other
GOOG,2022-01-21,2,0.4506,0.4506,2,0,Other
INTC,2022-01-21,2,0.0133,0.0133,2,0,Product/Company News
META,2022-01-21,2,0.009,0.009,1,0,Other
MSFT,2022-01-21,1,-0.0022,-0.0022,1,0,Other
NFLX,2022-01-21,120,-0.1872,-0.2067,9,5,Earnings
PYPL,2022-01-21,5,0.1495,0.1495,2,0,Other
TSLA,2022-01-21,148,-0.0808,-0.1017,6,0,Credit Event
AAPL,2022-01-22,10,-0.0507,-0.0507,2,0,Other
AMZN,2022-01-22,16,-0.1486,-0.1963,3,0,Other
BA,2022-01-22,4,0.026,0.026,2,0,Other
COST,2022-01-22,1,0.0051,0.0051,2,0,Other
GOOG,2022-01-22,5,0.1068,0.1068,2,0,Other
INTC,2022-01-22,5,0.0208,0.0208,2,0,Other
META,2022-01-22,6,-0.1979,-0.2157,2,0,Other
MSFT,2022-01-22,2,-0.327,-0.327,2,0,Other
NFLX,2022-01-22,14,-0.1138,-0.1525,3,0,Other
PYPL,2022-01-22,4,-0.0881,-0.0881,2,0,Other
TSLA,2022-01-22,84,0.0837,0.1358,5,0,Macroeconomic
AAPL,2022-01-23,13,0.1196,0.1197,3,0,Earnings
AMD,2022-01-23,2,-0.0576,-0.0576,1,0,Other
AMZN,2022-01-23,4,0.1208,0.1878,2,0,Other
BA,2022-01-23,4,0.1928,0.1719,3,0,Earnings
DIS,2022-01-23,1,0.7744,0.7744,2,0,Other
INTC,2022-01-23,3,0.2662,0.297,3,0,Earnings
KO,2022-01-23,1,0.0008,0.0008,2,0,Other
META,2022-01-23,4,0.1968,0.2673,2,0,Other
MSFT,2022-01-23,1,0.0002,0.0002,1,0,Other
NFLX,2022-01-23,6,-0.1202,-0.1202,2,0,Other
PYPL,2022-01-23,4,0.0053,0.006,2,0,Other
TSLA,2022-01-23,62,0.0957,0.1323,4,0,Macroeconomic
AAPL,2022-01-24,14,-0.0366,-0.0366,2,0,Other
AMD,2022-01-24,3,-0.3024,-0.3024,2,0,Other
AMZN,2022-01-24,16,-0.1165,-0.147,3,0,Other
COST,2022-01-24,1,-0.1332,-0.1332,1,0,Other
CRM,2022-01-24,1,0.0038,0.0038,2,0,Other
DIS,2022-01-24,2,0.3106,0.3106,2,0,Other
GOOG,2022-01-24,2,-0.115,-0.115,2,0,Other
INTC,2022-01-24,2,0.1161,0.1734,3,0,Product/Company News
META,2022-01-24,9,-0.0883,-0.0883,2,0,Other
MSFT,2022-01-24,5,-0.3224,-0.3738,3,0,Other
NFLX,2022-01-24,11,-0.4819,-0.5657,3,0,Other
PYPL,2022-01-24,3,-0.3219,-0.3219,2,0,Other
TSLA,2022-01-24,151,0.0044,0.0301,6,0,Earnings
AAPL,2022-01-25,13,-0.0665,-0.0691,2,0,Other
AMD,2022-01-25,6,0.2656,0.2656,2,0,Other
AMZN,2022-01-25,16,-0.003,-0.0024,3,0,Geopolitical
BA,2022-01-25,1,0.0006,0.0006,1,0,Other
COST,2022-01-25,2,0.4604,0.4604,2,0,Other
DIS,2022-01-25,4,0.2042,0.2042,2,0,Other
GOOG,2022-01-25,3,0.021,0.021,2,0,Other
INTC,2022-01-25,1,-0.0024,-0.0024,1,0,Other
META,2022-01-25,14,0.0791,0.1434,5,0,Analyst Rating
MSFT,2022-01-25,4,-0.2268,-0.2268,2,0,Other
NFLX,2022-01-25,5,0.0317,0.1263,3,0,Other
PYPL,2022-01-25,2,-0.1003,-0.1204,2,0,Other
TSLA,2022-01-25,118,0.0895,0.1644,5,0,Earnings
AAPL,2022-01-26,9,0.3483,0.3687,2,0,Other
AMD,2022-01-26,5,0.2007,0.2213,3,0,Earnings
AMZN,2022-01-26,9,0.1306,0.1396,2,0,Other
BA,2022-01-26,3,-0.2639,-0.2063,3,0,Product/Company News
GOOG,2022-01-26,3,-0.3206,-0.3867,2,0,Other
INTC,2022-01-26,1,0.9767,0.9767,2,0,Other
META,2022-01-26,2,-0.017,-0.017,1,0,Other
MSFT,2022-01-26,4,0.2348,0.3177,3,0,Other
NFLX,2022-01-26,3,-0.1929,-0.1929,2,0,Other
PYPL,2022-01-26,1,0.028,0.028,1,0,Other
TSLA,2022-01-26,203,0.101,0.11,6,0,Earnings
AAPL,2022-01-27,21,-0.0243,-0.0411,4,0,Earnings
AMD,2022-01-27,16,0.063,0.1167,5,0,Product/Company News
AMZN,2022-01-27,14,-0.1214,-0.1291,2,0,Other
BA,2022-01-27,1,-0.0018,-0.0018,1,0,Other
COST,2022-01-27,2,-0.0522,-0.0346,2,0,Other
GOOG,2022-01-27,4,-0.2366,-0.2703,2,0,Other
INTC,2022-01-27,4,0.3912,0.5087,4,0,Macroeconomic
KO,2022-01-27,3,-0.0005,-0.0005,2,0,Other
META,2022-01-27,11,-0.0247,-0.0247,2,0,Other
MSFT,2022-01-27,5,-0.0423,-0.0423,2,0,Other
NFLX,2022-01-27,18,0.1724,0.234,3,0,Other
PYPL,2022-01-27,2,0.0144,0.0144,1,0,Other
TSLA,2022-01-27,394,0.1433,0.2037,7,3,Earnings
AAPL,2022-01-28,105,0.2832,0.3508,8,6,Macroeconomic
AMD,2022-01-28,6,-0.0705,-0.0705,2,0,Other
AMZN,2022-01-28,12,0.0164,0.016,3,0,Geopolitical
BA,2022-01-28,1,-0.0064,-0.0064,1,0,Other
COST,2022-01-28,1,0.0148,0.0148,2,0,Product/Company News
DIS,2022-01-28,2,0.2048,0.2048,2,0,Other
GOOG,2022-01-28,1,0.001,0.001,1,0,Other
INTC,2022-01-28,1,0.0056,0.0056,2,0,Other
META,2022-01-28,9,0.1247,0.1458,3,0,Analyst Rating
MSFT,2022-01-28,2,0.003,0.003,2,0,Other
NFLX,2022-01-28,5,0.0061,0.0067,2,0,Other
PYPL,2022-01-28,1,0.0033,0.0033,1,0,Other
TSLA,2022-01-28,195,0.0526,0.0654,6,0,Earnings
AAPL,2022-01-29,11,0.3584,0.4366,2,0,Other
AMD,2022-01-29,5,0.1071,0.1286,2,0,Other
AMZN,2022-01-29,11,0.0157,0.0169,2,0,Other
DIS,2022-01-29,2,-0.01,-0.0129,2,0,Other
GOOG,2022-01-29,4,0.004,0.004,2,0,Other
META,2022-01-29,6,-0.0723,-0.0723,2,0,Other
MSFT,2022-01-29,1,0.0078,0.0078,1,0,Other
NFLX,2022-01-29,5,0.1056,0.1171,2,0,Other
PYPL,2022-01-29,4,-0.1086,-0.1086,2,0,Other
TSLA,2022-01-29,100,0.0233,0.0522,5,0,Analyst Rating
AAPL,2022-01-30,15,0.2684,0.3146,6,0,Analyst Rating
AMD,2022-01-30,4,0.0282,0.0282,2,0,Product/Company News
AMZN,2022-01-30,9,0.0717,0.0717,2,0,Other
DIS,2022-01-30,3,0.4214,0.4214,2,0,Other
GOOG,2022-01-30,2,-0.2866,-0.388,2,0,Other
META,2022-01-30,8,0.1261,0.1262,3,0,Earnings
MSFT,2022-01-30,2,0.0009,0.0009,2,0,Other
PYPL,2022-01-30,4,0.0201,0.0188,3,0,Earnings
TSLA,2022-01-30,73,0.0427,0.081,4,0,Macroeconomic
AAPL,2022-01-31,14,0.1154,0.1847,5,0,Earnings
AMD,2022-01-31,10,0.2081,0.3082,5,0,Analyst Rating
AMZN,2022-01-31,10,0.1714,0.1904,2,0,Other
BA,2022-01-31,2,0.0062,0.0062,2,0,Other
COST,2022-01-31,1,0.0003,0.0003,2,0,Other
CRM,2022-01-31,2,0.0234,0.0234,2,0,Other
DIS,2022-01-31,1,-0.0012,-0.0012,1,0,Other
GOOG,2022-01-31,3,0.3066,0.3678,2,0,Other
KO,2022-01-31,1,0.0003,0.0003,2,0,Other
META,2022-01-31,12,0.1202,0.1487,3,0,Other
MSFT,2022-01-31,1,0.0003,0.0003,1,0,Other
NFLX,2022-01-31,8,0.1635,0.2116,3,0,Other
PYPL,2022-01-31,5,0.0945,0.0945,2,0,Other
TSLA,2022-01-31,117,0.2018,0.2766,5,0,Analyst Rating
AAPL,2022-02-01,10,-0.0202,-0.0244,2,0,Other
AMD,2022-02-01,12,0.1191,0.1102,3,0,Earnings
AMZN,2022-02-01,11,0.3165,0.4152,5,0,Analyst Rating
GOOG,2022-02-01,6,0.0069,0.0062,3,0,Earnings
INTC,2022-02-01,1,-0.0009,-0.0009,2,0,Product/Company News
META,2022-02-01,8,0.127,0.1359,3,0,Earnings
MSFT,2022-02-01,1,-0.6615,-0.6615,2,0,Other
NFLX,2022-02-01,4,-0.1278,-0.1278,2,0,Other
PYPL,2022-02-01,10,0.1646,0.1819,3,0,Other
TSLA,2022-02-01,117,0.1794,0.2226,5,0,Macroeconomic
AAPL,2022-02-02,18,0.0664,0.0887,3,0,Other
AMD,2022-02-02,46,0.4471,0.5184,6,0,Macroeconomic
AMZN,2022-02-02,27,0.066,0.0638,3,0,Other
BA,2022-02-02,2,-0.002,-0.002,2,0,Other
COST,2022-02-02,1,0.8418,0.8418,2,0,Other
CRM,2022-02-02,1,0.4994,0.4994,2,0,Other
DIS,2022-02-02,1,-0.0217,-0.0217,1,0,Other
GOOG,2022-02-02,83,0.2192,0.2808,7,1,Earnings
INTC,2022-02-02,1,0.9711,0.9711,2,0,Other
META,2022-02-02,16,0.1995,0.2323,3,0,Other
MSFT,2022-02-02,4,0.269,0.348,3,0,Other
NFLX,2022-02-02,10,0.2147,0.2036,3,0,Macroeconomic
PYPL,2022-02-02,59,-0.0612,0.0003,7,3,Geopolitical
TSLA,2022-02-02,102,0.0492,0.0834,4,0,Macroeconomic
AAPL,2022-02-03,27,-0.1129,-0.0981,4,0,Earnings
AMD,2022-02-03,11,0.2653,0.3604,5,0,Analyst Rating
AMZN,2022-02-03,82,-0.1358,-0.1948,9,4,Earnings
BA,2022-02-03,2,0.3756,0.3756,2,0,Other
COST,2022-02-03,2,0.0165,0.0165,2,0,Other
DIS,2022-02-03,1,-0.2843,-0.2843,2,0,Other
GOOG,2022-02-03,20,-0.0299,-0.048,3,0,Other
INTC,2022-02-03,1,0.0049,0.0049,2,0,Product/Company News
META,2022-02-03,299,-0.2444,-0.3021,8,5,Macroeconomic
MSFT,2022-02-03,6,0.0251,0.03,3,0,Other
NFLX,2022-02-03,16,-0.1262,-0.1114,4,0,Earnings
PYPL,2022-02-03,19,-0.3434,-0.3553,5,0,Analyst Rating
TSLA,2022-02-03,96,-0.0321,-0.0551,4,0,Product/Company News
AAPL,2022-02-04,15,0.1037,0.1111,2,0,Other
AMD,2022-02-04,4,-0.3158,-0.4215,2,0,Other
AMZN,2022-02-04,206,0.2719,0.3572,8,6,Earnings
BA,2022-02-04,1,-0.0555,-0.0555,1,0,Other
DIS,2022-02-04,1,0.9412,0.9412,2,0,Other
GOOG,2022-02-04,9,-0.0428,-0.0413,3,0,Earnings
KO,2022-02-04,1,-0.0019,-0.0019,2,0,Other
META,2022-02-04,75,-0.1454,-0.1905,5,0,Product/Company News
MSFT,2022-02-04,8,0.205,0.2737,3,0,Other
NFLX,2022-02-04,8,0.2526,0.2482,3,0,Earnings
PYPL,2022-02-04,8,-0.2142,-0.2025,3,0,Earnings
TSLA,2022-02-04,87,0.1834,0.2652,5,0,Macroeconomic
AAPL,2022-02-05,4,-0.1184,-0.1354,2,0,Other
AMD,2022-02-05,5,0.1972,0.2467,2,0,Other
AMZN,2022-02-05,33,0.2873,0.3551,4,0,Merger/Acquisition
COST,2022-02-05,1,0.0157,0.0157,2,0,Other
CRM,2022-02-05,1,-0.0022,-0.0022,2,0,Other
DIS,2022-02-05,5,0.5049,0.5031,3,0,Earnings
GOOG,2022-02-05,3,-0.156,-0.1866,2,0,Other
KO,2022-02-05,2,0.0046,0.0054,3,0,Earnings
META,2022-02-05,20,-0.1685,-0.191,3,0,Product/Company News
MSFT,2022-02-05,2,0.2508,0.2508,2,0,Other
NFLX,2022-02-05,2,-0.0016,-0.0011,2,0,Product/Company News
PYPL,2022-02-05,3,0.0357,0.0357,2,0,Other
TSLA,2022-02-05,73,0.0752,0.096,3,0,Legal/Regulatory
AAPL,2022-02-06,7,0.1788,0.2827,2,0,Other
AMD,2022-02-06,4,0.4412,0.5043,2,0,Other
AMZN,2022-02-06,11,0.0827,0.0951,2,0,Other
DIS,2022-02-06,7,0.0381,0.0467,4,0,Analyst Rating
GOOG,2022-02-06,3,0.3179,0.3815,2,0,Other
KO,2022-02-06,2,0.0103,0.0094,3,0,Earnings
META,2022-02-06,18,0.0883,0.1476,4,0,Earnings
MSFT,2022-02-06,1,0.9549,0.9549,2,0,Other
NFLX,2022-02-06,2,0.0115,0.0173,3,0,Earnings
PYPL,2022-02-06,1,0.9388,0.9388,2,0,Other
TSLA,2022-02-06,59,0.0327,0.0668,4,0,Product/Company News
AAPL,2022-02-07,10,-0.1552,-0.1534,3,0,Merger/Acquisition
AMD,2022-02-07,6,0.0788,0.0788,2,0,Other
AMZN,2022-02-07,19,0.1294,0.1506,3,0,Other
BA,2022-02-07,6,0.026,0.026,2,0,Other
DIS,2022-02-07,4,0.4691,0.6361,6,0,Analyst Rating
GOOG,2022-02-07,1,0.0329,0.0329,1,0,Other
KO,2022-02-07,1,0.0041,0.0041,1,0,Other
META,2022-02-07,37,0.0014,-0.0125,4,0,Product/Company News
MSFT,2022-02-07,3,0.4165,0.4165,2,0,Other
NFLX,2022-02-07,6,-0.1122,-0.1122,2,0,Other
PYPL,2022-02-07,1,-0.9431,-0.9431,2,0,Other
TSLA,2022-02-07,72,0.0274,0.0406,3,0,Product/Company News
AAPL,2022-02-08,17,0.2724,0.3,4,0,Product/Company News
AMD,2022-02-08,3,0.3495,0.5072,2,0,Other
AMZN,2022-02-08,19,0.0601,0.0859,3,0,Other
BA,2022-02-08,1,0.8554,0.8554,2,0,Other
COST,2022-02-08,1,-0.0095,-0.0095,2,0,Other
CRM,2022-02-08,1,0.0378,0.0378,2,0,Other
DIS,2022-02-08,2,0.0189,0.0189,1,0,Other
GOOG,2022-02-08,4,0.0229,0.0229,2,0,Other
META,2022-02-08,55,-0.004,-0.0291,6,0,Product/Company News
MSFT,2022-02-08,5,0.3717,0.427,3,0,Other
NFLX,2022-02-08,3,0.3338,0.4008,2,0,Other
PYPL,2022-02-08,10,-0.3794,-0.4328,3,0,Other
TSLA,2022-02-08,106,0.0648,0.0767,5,0,Analyst Rating
AAPL,2022-02-09,10,0.1289,0.1523,3,0,Macroeconomic
AMD,2022-02-09,5,0.2122,0.2122,2,0,Other
AMZN,2022-02-09,12,0.0375,0.1517,5,0,Analyst Rating
BA,2022-02-09,1,0.0027,0.0027,1,0,Other
COST,2022-02-09,1,-0.6425,-0.6425,2,0,Other
DIS,2022-02-09,6,0.1307,0.1206,3,0,Earnings
GOOG,2022-02-09,3,0.6228,0.6228,2,0,Other
META,2022-02-09,35,0.1547,0.1838,4,0,Macroeconomic
MSFT,2022-02-09,3,-0.3209,-0.3209,2,0,Other
NFLX,2022-02-09,1,-0.0006,-0.0006,2,0,Earnings
PYPL,2022-02-09,2,-0.4022,-0.5369,2,0,Other
TSLA,2022-02-09,93,0.0914,0.1294,4,0,Analyst Rating
AAPL,2022-02-10,7,-0.0115,-0.0185,2,0,Earnings
AMD,2022-02-10,4,0.1893,0.171,3,0,Merger/Acquisition
AMZN,2022-02-10,2,-0.426,-0.5703,2,0,Other
COST,2022-02-10,1,-0.0022,-0.0022,2,0,Other
DIS,2022-02-10,32,0.2665,0.3279,5,0,Earnings
GOOG,2022-02-10,3,-0.3155,-0.3155,2,0,Other
KO,2022-02-10,1,0.001,0.001,1,0,Other
META,2022-02-10,11,0.0363,0.1628,5,0,Analyst Rating
MSFT,2022-02-10,1,-0.8588,-0.8588,2,0,Other
NFLX,2022-02-10,4,-0.1772,-0.2023,2,0,Other
PYPL,2022-02-10,3,0.3831,0.3831,2,0,Other
TSLA,2022-02-10,71,0.0835,0.1303,4,0,Macroeconomic
AAPL,2022-02-11,13,0.0261,0.0284,2,0,Product/Company News
AMD,2022-02-11,7,0.0438,0.0438,2,0,Other
AMZN,2022-02-11,9,-0.1534,-0.1723,2,0,Other
COST,2022-02-11,1,0.0122,0.0122,2,0,Other
CRM,2022-02-11,1,-0.0011,-0.0011,1,0,Other
DIS,2022-02-11,5,-0.2907,-0.2907,2,0,Other
GOOG,2022-02-11,3,-0.1606,-0.1975,2,0,Other
KO,2022-02-11,2,-0.0016,-0.0016,2,0,Other
META,2022-02-11,11,-0.1231,-0.1789,4,0,Legal/Regulatory
MSFT,2022-02-11,3,-0.0048,-0.0052,2,0,Other
NFLX,2022-02-11,5,-0.0639,-0.0797,2,0,Other
PYPL,2022-02-11,1,0.6876,0.6876,2,0,Other
TSLA,2022-02-11,95,0.0814,0.1233,5,0,Macroeconomic
AAPL,2022-02-12,6,0.4975,0.6479,2,0,Other
AMD,2022-02-12,4,0.335,0.4459,2,0,Other
AMZN,2022-02-12,10,0.1874,0.234,2,0,Other
DIS,2022-02-12,2,0.0078,0.0078,2,0,Product/Company News
GOOG,2022-02-12,2,-0.0111,-0.0111,1,0,Other
META,2022-02-12,8,-0.1342,-0.1523,2,0,Other
MSFT,2022-02-12,4,0.4634,0.5209,3,0,Other
NFLX,2022-02-12,4,-0.0483,-0.0552,2,0,Product/Company News
PYPL,2022-02-12,2,0.087,0.1165,2,0,Other
TSLA,2022-02-12,63,0.125,0.1941,5,0,Macroeconomic
AAPL,2022-02-13,3,-0.0297,-0.0371,2,0,Other
AMD,2022-02-13,4,0.1554,0.2073,2,0,Other
AMZN,2022-02-13,5,0.0967,0.1286,2,0,Product/Company News
BA,2022-02-13,2,-0.002,-0.002,2,0,Other
GOOG,2022-02-13,2,0.004,0.004,1,0,Other
META,2022-02-13,6,-0.0105,-0.0144,2,0,Other
MSFT,2022-02-13,2,0.213,0.213,2,0,Other
NFLX,2022-02-13,3,-0.0696,-0.1069,2,0,Other
PYPL,2022-02-13,1,-0.9586,-0.9586,2,0,Other
TSLA,2022-02-13,47,0.0859,0.1335,3,0,Product/Company News
AAPL,2022-02-14,8,0.0129,0.015,2,0,Other
AMD,2022-02-14,14,0.1526,0.1644,4,0,Merger/Acquisition
AMZN,2022-02-14,7,0.2525,0.3492,2,0,Other
BA,2022-02-14,1,-0.0575,-0.0575,1,0,Other
COST,2022-02-14,1,-0.002,-0.002,1,0,Other
CRM,2022-02-14,1,0.3736,0.3736,2,0,Other
GOOG,2022-02-14,3,-0.3791,-0.3791,2,0,Other
INTC,2022-02-14,1,0.0801,0.0801,1,0,Other
META,2022-02-14,6,-0.2901,-0.3165,2,0,Other
MSFT,2022-02-14,4,0.2202,0.2202,2,0,Other
NFLX,2022-02-14,2,0.4934,0.6535,2,0,Other
TSLA,2022-02-14,110,0.1208,0.1916,5,0,Analyst Rating
AAPL,2022-02-15,8,0.0248,0.0357,2,0,Other
AMD,2022-02-15,9,0.2982,0.4188,6,0,Merger/Acquisition
AMZN,2022-02-15,9,-0.0887,-0.0958,3,0,Earnings
COST,2022-02-15,2,0.2565,0.3399,2,0,Other
CRM,2022-02-15,1,0.875,0.875,2,0,Other
DIS,2022-02-15,3,0.0307,0.0307,2,0,Other
GOOG,2022-02-15,3,-0.0063,-0.0176,2,0,Other
INTC,2022-02-15,1,0.0529,0.0529,3,0,Merger/Acquisition
KO,2022-02-15,3,0.1237,0.1596,3,0,Earnings
META,2022-02-15,17,0.1,0.1026,3,0,Earnings
MSFT,2022-02-15,2,-0.0083,-0.0083,2,0,Other
NFLX,2022-02-15,1,0.0074,0.0074,2,0,Product/Company News
PYPL,2022-02-15,2,-0.0772,-0.1024,2,0,Other
TSLA,2022-02-15,80,0.0967,0.14,5,0,Macroeconomic
AAPL,2022-02-16,7,-0.2406,-0.3879,2,0,Other
AMD,2022-02-16,8,0.0291,0.031,2,0,Other
AMZN,2022-02-16,10,0.0512,0.0623,2,0,Other
DIS,2022-02-16,5,-0.1616,-0.1794,2,0,Other
GOOG,2022-02-16,1,-0.0012,-0.0012,1,0,Other
META,2022-02-16,17,0.0639,0.1818,6,0,Analyst Rating
MSFT,2022-02-16,1,-0.0012,-0.0012,1,0,Other
NFLX,2022-02-16,2,-0.0017,-0.0017,1,0,Other
PYPL,2022-02-16,6,-0.1324,-0.2126,3,0,Other
TSLA,2022-02-16,89,0.0466,0.0496,5,0,Macroeconomic
AAPL,2022-02-17,7,0.1185,0.1513,2,0,Other
AMD,2022-02-17,4,0.0086,0.008,2,0,Product/Company News
AMZN,2022-02-17,16,0.2724,0.2778,3,0,Product/Company News
BA,2022-02-17,1,-0.0008,-0.0008,1,0,Other
COST,2022-02-17,1,-0.0254,-0.0254,2,0,Other
DIS,2022-02-17,1,0.9405,0.9405,2,0,Other
GOOG,2022-02-17,1,-0.0189,-0.0189,1,0,Other
KO,2022-02-17,1,0.9656,0.9656,3,0,Earnings
META,2022-02-17,7,-0.211,-0.3037,4,0,Macroeconomic
MSFT,2022-02-17,1,0.9827,0.9827,2,0,Other
NFLX,2022-02-17,1,0.9827,0.9827,2,0,Other
PYPL,2022-02-17,6,-0.4524,-0.4524,2,0,Other
TSLA,2022-02-17,85,-0.0144,-0.0623,5,0,Legal/Regulatory
AAPL,2022-02-18,5,0.0224,0.0224,1,0,Other
AMD,2022-02-18,9,0.028,0.0368,3,0,Product/Company News
AMZN,2022-02-18,11,0.1877,0.2648,4,0,Product/Company News
BA,2022-02-18,2,0.0048,0.0048,2,0,Other
GOOG,2022-02-18,3,0.1274,0.1274,2,0,Other
INTC,2022-02-18,4,0.0044,0.004,3,0,Product/Company News
KO,2022-02-18,2,-0.0032,-0.0032,2,0,Other
META,2022-02-18,11,-0.3028,-0.3092,3,0,Macroeconomic
NFLX,2022-02-18,1,0.0083,0.0083,1,0,Other
PYPL,2022-02-18,5,-0.1881,-0.1881,2,0,Other
TSLA,2022-02-18,88,0.0148,-0.0176,6,0,Legal/Regulatory
AAPL,2022-02-19,6,-0.0074,-0.0173,2,0,Other
AMD,2022-02-19,3,0.0305,0.0477,2,0,Other
AMZN,2022-02-19,8,-0.1781,-0.2598,2,0,Other
BA,2022-02-19,2,0.1299,0.1299,2,0,Other
COST,2022-02-19,2,0.0006,0.0006,2,0,Other
CRM,2022-02-19,1,0.9739,0.9739,2,0,Other
GOOG,2022-02-19,2,-0.4562,-0.6175,2,0,Other
INTC,2022-02-19,1,-0.0052,-0.0052,1,0,Other
KO,2022-02-19,1,0.0057,0.0057,2,0,Other
META,2022-02-19,6,-0.1638,-0.2412,2,0,Other
MSFT,2022-02-19,1,0.0057,0.0057,1,0,Other
NFLX,2022-02-19,3,-0.3139,-0.4718,2,0,Other
PYPL,2022-02-19,2,-0.9428,-0.9428,2,0,Other
TSLA,2022-02-19,82,-0.0097,-0.0301,4,0,Macroeconomic
AAPL,2022-02-20,7,-0.1306,-0.1833,2,0,Other
AMD,2022-02-20,1,0.197,0.197,1,0,Other
AMZN,2022-02-20,6,-0.1854,-0.2471,2,0,Other
COST,2022-02-20,2,0.0066,0.0066,2,0,Other
CRM,2022-02-20,1,-0.3119,-0.3119,2,0,Other
GOOG,2022-02-20,2,-0.0007,-0.0007,1,0,Other
INTC,2022-02-20,1,0.197,0.197,2,0,Other
KO,2022-02-20,1,-0.0022,-0.0022,2,0,Other
META,2022-02-20,6,0.0064,0.0091,2,0,Other
MSFT,2022-02-20,2,-0.4802,-0.4802,2,0,Other
NFLX,2022-02-20,1,-0.9685,-0.9685,2,0,Other
PYPL,2022-02-20,3,0.3626,0.3626,2,0,Other
TSLA,2022-02-20,58,-0.0169,-0.0333,3,0,Product/Company News
AAPL,2022-02-21,11,-0.0908,-0.1448,3,0,Product/Company News
AMD,2022-02-21,2,-0.0381,-0.0381,3,0,Product/Company News
AMZN,2022-02-21,4,0.1945,0.1945,2,0,Other
CRM,2022-02-21,1,-0.0031,-0.0031,2,0,Other
GOOG,2022-02-21,3,-0.1283,-0.1283,2,0,Other
KO,2022-02-21,1,-0.0005,-0.0005,1,0,Other
META,2022-02-21,7,0.003,0.0066,3,0,Credit Event
MSFT,2022-02-21,1,-0.3633,-0.3633,2,0,Other
TSLA,2022-02-21,39,-0.0437,-0.0618,2,0,Product/Company News
AAPL,2022-02-22,10,0.0537,0.1007,4,0,Macroeconomic
AMD,2022-02-22,9,0.2911,0.4848,6,0,Analyst Rating
AMZN,2022-02-22,4,0.0051,0.0051,1,0,Other
COST,2022-02-22,1,0.0009,0.0009,1,0,Other
CRM,2022-02-22,1,-0.1399,-0.1399,2,0,Other
DIS,2022-02-22,2,0.3566,0.3566,2,0,Other
GOOG,2022-02-22,4,0.2476,0.2476,2,0,Other
INTC,2022-02-22,1,0.0233,0.0233,2,0,Other
META,2022-02-22,12,-0.2916,-0.319,2,0,Other
MSFT,2022-02-22,2,0.0101,0.0101,1,0,Other
PYPL,2022-02-22,1,-0.1399,-0.1399,2,0,Other
TSLA,2022-02-22,99,0.0456,0.0628,4,0,Macroeconomic
AAPL,2022-02-23,6,0.1867,0.2228,2,0,Product/Company News
AMD,2022-02-23,7,0.1263,0.1263,2,0,Other
AMZN,2022-02-23,2,0.528,0.6796,2,0,Other
BA,2022-02-23,2,-0.001,-0.001,2,0,Other
CRM,2022-02-23,2,0.018,0.018,2,0,Other
DIS,2022-02-23,2,-0.276,-0.3678,2,0,Other
GOOG,2022-02-23,1,0.2021,0.2021,2,0,Other
INTC,2022-02-23,4,0.5617,0.601,3,0,Other
KO,2022-02-23,3,-0.0003,-0.0003,2,0,Other
META,2022-02-23,18,0.0761,0.0813,2,0,Other
MSFT,2022-02-23,1,0.9827,0.9827,2,0,Other
NFLX,2022-02-23,3,-0.1845,-0.2762,2,0,Other
PYPL,2022-02-23,3,0.1434,0.1434,2,0,Other
TSLA,2022-02-23,133,0.0221,0.0467,5,0,Geopolitical
AAPL,2022-02-24,12,-0.1937,-0.2021,2,0,Other
AMD,2022-02-24,3,0.3265,0.4781,2,0,Other
AMZN,2022-02-24,13,-0.2892,-0.3004,2,0,Other
BA,2022-02-24,2,0.4905,0.4905,2,0,Other
DIS,2022-02-24,1,-0.0001,-0.0001,1,0,Other
GOOG,2022-02-24,9,-0.0008,-0.0008,2,0,Other
INTC,2022-02-24,1,0.0086,0.0086,2,0,Other
META,2022-02-24,12,-0.0579,-0.0604,2,0,Other
MSFT,2022-02-24,1,-0.011,-0.011,1,0,Other
NFLX,2022-02-24,4,-0.5452,-0.5452,2,0,Other
PYPL,2022-02-24,3,-0.0085,-0.0085,2,0,Other
TSLA,2022-02-24,128,-0.0008,-0.0242,6,0,Legal/Regulatory
AAPL,2022-02-25,8,0.1034,0.1177,2,0,Other
AMD,2022-02-25,16,0.4037,0.5365,5,0,Product/Company News
AMZN,2022-02-25,6,-0.0392,-0.0671,2,0,Other
BA,2022-02-25,1,0.0471,0.0471,1,0,Other
COST,2022-02-25,1,0.9335,0.9335,2,0,Other
CRM,2022-02-25,2,-0.0016,-0.0016,2,0,Other
GOOG,2022-02-25,1,0.0281,0.0281,1,0,Other
KO,2022-02-25,1,0.9335,0.9335,2,0,Other
META,2022-02-25,17,-0.1257,-0.1609,3,0,Product/Company News
MSFT,2022-02-25,2,-0.1186,-0.1186,2,0,Other
PYPL,2022-02-25,3,0.3183,0.3183,2,0,Other
TSLA,2022-02-25,62,0.1157,0.1712,5,0,Analyst Rating
AAPL,2022-02-26,4,0.2468,0.3933,2,0,Other
AMD,2022-02-26,1,0.0151,0.0151,1,0,Other
AMZN,2022-02-26,5,0.1965,0.2803,2,0,Product/Company News
DIS,2022-02-26,1,0.0006,0.0006,2,0,Product/Company News
KO,2022-02-26,1,-0.001,-0.001,1,0,Other
META,2022-02-26,6,-0.0492,-0.1482,3,0,Product/Company News
MSFT,2022-02-26,1,-0.0027,-0.0027,1,0,Other
NFLX,2022-02-26,2,0.6288,0.6288,2,0,Other
PYPL,2022-02-26,1,0.0117,0.0117,1,0,Other
TSLA,2022-02-26,40,0.0526,0.1005,5,0,Macroeconomic
AAPL,2022-02-27,4,-0.072,-0.0925,2,0,Product/Company News
AMD,2022-02-27,5,-0.016,-0.0185,2,0,Other
AMZN,2022-02-27,4,0.2362,0.3747,2,0,Other
COST,2022-02-27,2,0.1322,0.1322,2,0,Other
CRM,2022-02-27,1,-0.002,-0.002,2,0,Other
GOOG,2022-02-27,3,-0.0005,-0.0002,2,0,Product/Company News
INTC,2022-02-27,2,-0.0618,-0.0618,2,0,Other
META,2022-02-27,5,-0.2996,-0.3773,2,0,Product/Company News
PYPL,2022-02-27,1,-0.0022,-0.0022,1,0,Other
TSLA,2022-02-27,31,0.0822,0.1161,2,0,Product/Company News
AAPL,2022-02-28,4,0.4107,0.4688,2,0,Other
AMD,2022-02-28,2,0.5476,0.5476,2,0,Other
AMZN,2022-02-28,5,0.2706,0.3351,2,0,Other
CRM,2022-02-28,1,-0.7564,-0.7564,2,0,Other
GOOG,2022-02-28,1,0.0267,0.0267,1,0,Other
META,2022-02-28,6,0.1539,0.2176,2,0,Other
MSFT,2022-02-28,1,0.3462,0.3462,2,0,Other
NFLX,2022-02-28,1,-0.0155,-0.0155,2,0,Macroeconomic
PYPL,2022-02-28,1,0.9803,0.9803,2,0,Other
TSLA,2022-02-28,91,0.1725,0.2005,5,0,Macroeconomic
AAPL,2022-03-01,10,-0.1252,-0.1598,3,0,Product/Company News
AMD,2022-03-01,5,0.2701,0.2701,2,0,Other
AMZN,2022-03-01,2,0.165,0.165,2,0,Other
BA,2022-03-01,1,0.118,0.118,2,0,Other
COST,2022-03-01,2,0.4677,0.4677,2,0,Other
CRM,2022-03-01,3,0.0059,0.0059,2,0,Other
DIS,2022-03-01,4,-0.1906,-0.3035,4,0,Product/Company News
GOOG,2022-03-01,1,-0.695,-0.695,2,0,Other
INTC,2022-03-01,1,-0.0008,-0.0008,2,0,Other
KO,2022-03-01,1,0.001,0.001,2,0,Other
META,2022-03-01,5,-0.1871,-0.2368,2,0,Other
MSFT,2022-03-01,1,-0.2965,-0.2965,2,0,Other
NFLX,2022-03-01,2,-0.3785,-0.3152,3,0,Macroeconomic
PYPL,2022-03-01,5,0.1565,0.1565,2,0,Other
TSLA,2022-03-01,79,0.1611,0.1745,5,0,Macroeconomic
AAPL,2022-03-02,13,0.0758,0.0758,3,0,Product/Company News
AMD,2022-03-02,13,-0.069,-0.0925,3,0,Other
AMZN,2022-03-02,5,-0.2249,-0.4039,3,0,Product/Company News
BA,2022-03-02,1,-0.9624,-0.9624,3,0,Product/Company News
COST,2022-03-02,1,0.0007,0.0007,2,0,Other
DIS,2022-03-02,2,0.0054,0.0054,2,0,Other
INTC,2022-03-02,1,0.9476,0.9476,2,0,Other
KO,2022-03-02,1,0.4941,0.4941,2,0,Other
META,2022-03-02,5,0.186,0.197,4,0,Analyst Rating
NFLX,2022-03-02,2,0.0038,0.0016,2,0,Product/Company News
PYPL,2022-03-02,1,0.0293,0.0293,1,0,Other
TSLA,2022-03-02,92,0.1105,0.1593,6,0,Geopolitical
AAPL,2022-03-03,12,0.224,0.2359,3,0,Product/Company News
AMD,2022-03-03,8,0.1144,0.1144,2,0,Other
AMZN,2022-03-03,8,0.0211,-0.0925,4,0,Product/Company News
BA,2022-03-03,2,0.387,0.5143,4,0,Product/Company News
DIS,2022-03-03,2,-0.0872,-0.0872,2,0,Other
META,2022-03-03,5,0.0406,0.0674,2,0,Other
MSFT,2022-03-03,2,0.3958,0.5278,2,0,Other
NFLX,2022-03-03,2,0.0127,0.0127,1,0,Other
PYPL,2022-03-03,1,0.0254,0.0254,1,0,Other
TSLA,2022-03-03,86,0.0563,0.0546,5,0,Macroeconomic
AAPL,2022-03-04,17,0.0532,0.0585,4,0,Merger/Acquisition
AMD,2022-03-04,13,0.016,0.016,2,0,Other
AMZN,2022-03-04,12,-0.1411,-0.1411,2,0,Other
BA,2022-03-04,1,0.022,0.022,1,0,Other
COST,2022-03-04,2,0.0014,0.0028,2,0,Other
DIS,2022-03-04,3,-0.0059,-0.0059,2,0,Product/Company News
GOOG,2022-03-04,2,0.0872,0.1258,2,0,Other
META,2022-03-04,11,-0.3059,-0.3539,2,0,Other
MSFT,2022-03-04,2,-0.0023,-0.0023,1,0,Other
NFLX,2022-03-04,1,0.022,0.022,1,0,Other
PYPL,2022-03-04,3,-0.1628,-0.1945,2,0,Other
TSLA,2022-03-04,103,0.0824,0.115,5,0,Macroeconomic
AAPL,2022-03-05,7,0.0188,0.0189,2,0,Product/Company News
AMD,2022-03-05,2,-0.0008,-0.0008,1,0,Other
AMZN,2022-03-05,7,0.0576,0.0735,2,0,Other
BA,2022-03-05,1,-0.8111,-0.8111,2,0,Other
COST,2022-03-05,1,-0.0024,-0.0024,2,0,Other
CRM,2022-03-05,2,0.2266,0.2266,2,0,Other
DIS,2022-03-05,1,0.0003,0.0003,1,0,Other
GOOG,2022-03-05,2,-0.0678,-0.0678,1,0,Other
KO,2022-03-05,2,-0.483,-0.483,2,0,Other
META,2022-03-05,5,-0.308,-0.3877,2,0,Product/Company News
MSFT,2022-03-05,1,-0.0038,-0.0038,1,0,Other
NFLX,2022-03-05,2,-0.001,-0.0016,2,0,Other
PYPL,2022-03-05,3,-0.3202,-0.3834,2,0,Other
TSLA,2022-03-05,45,-0.0068,-0.0317,4,0,Macroeconomic
AAPL,2022-03-06,5,0.1776,0.2549,2,0,Product/Company News
AMD,2022-03-06,4,0.0741,0.0993,2,0,Other
AMZN,2022-03-06,3,0.0125,0.0125,1,0,Other
BA,2022-03-06,2,0.3316,0.3984,3,0,Product/Company News
INTC,2022-03-06,1,-0.0047,-0.0047,2,0,Other
META,2022-03-06,3,0.2693,0.4863,3,0,Product/Company News
MSFT,2022-03-06,1,-0.0015,-0.0015,1,0,Other
NFLX,2022-03-06,1,-0.9464,-0.9464,2,0,Other
PYPL,2022-03-06,3,-0.3333,-0.4866,4,0,Product/Company News
TSLA,2022-03-06,44,0.06,0.1414,5,0,Macroeconomic
AAPL,2022-03-07,9,-0.0628,-0.0436,3,0,Product/Company News
AMD,2022-03-07,9,0.0101,0.0101,2,0,Other
AMZN,2022-03-07,12,-0.0934,-0.0894,3,0,Macroeconomic
BA,2022-03-07,4,-0.0352,0.0201,3,0,Product/Company News
COST,2022-03-07,1,-0.0056,-0.0056,2,0,Other
CRM,2022-03-07,1,0.0071,0.0071,1,0,Other
DIS,2022-03-07,1,0.0001,0.0001,1,0,Other
GOOG,2022-03-07,2,-0.0965,-0.1268,2,0,Other
META,2022-03-07,15,0.0163,0.0166,2,0,Other
MSFT,2022-03-07,4,-0.2069,-0.2069,2,0,Other
NFLX,2022-03-07,7,-0.2746,-0.3183,3,0,Other
PYPL,2022-03-07,1,0.7822,0.7822,2,0,Other
TSLA,2022-03-07,80,-0.0196,-0.019,6,0,Macroeconomic
AAPL,2022-03-08,13,0.1412,0.2113,4,0,Product/Company News
AMD,2022-03-08,18,0.195,0.238,3,0,Other
AMZN,2022-03-08,9,-0.0771,-0.0685,5,0,Macroeconomic
COST,2022-03-08,1,0.0254,0.0254,1,0,Other
CRM,2022-03-08,1,-0.0096,-0.0096,2,0,Other
DIS,2022-03-08,4,0.1149,0.2427,4,0,Product/Company News
GOOG,2022-03-08,4,0.151,0.263,5,0,Macroeconomic
INTC,2022-03-08,1,0.0035,0.0035,1,0,Other
KO,2022-03-08,4,-0.7274,-0.8487,5,0,Product/Company News
META,2022-03-08,5,-0.3578,-0.4524,2,0,Other
MSFT,2022-03-08,2,0.2805,0.468,5,0,Macroeconomic
NFLX,2022-03-08,1,-0.022,-0.022,1,0,Other
PYPL,2022-03-08,3,-0.3682,-0.5146,5,0,Analyst Rating
TSLA,2022-03-08,103,0.1004,0.1592,6,0,Macroeconomic
AAPL,2022-03-09,9,0.0703,0.0703,2,0,Other
AMD,2022-03-09,9,0.2696,0.2696,2,0,Product/Company News
AMZN,2022-03-09,9,0.2948,0.3492,4,0,Legal/Regulatory
BA,2022-03-09,2,0.3239,0.3882,3,0,Product/Company News
COST,2022-03-09,1,-0.0819,-0.0819,2,0,Other
GOOG,2022-03-09,4,0.2294,0.2294,2,0,Other
META,2022-03-09,11,0.1275,0.1275,2,0,Other
MSFT,2022-03-09,3,0.1209,0.1209,2,0,Other
NFLX,2022-03-09,1,0.3549,0.3549,2,0,Other
PYPL,2022-03-09,1,0.0091,0.0091,1,0,Other
TSLA,2022-03-09,81,0.1587,0.204,6,0,Macroeconomic
AAPL,2022-03-10,14,0.1302,0.1342,2,0,Other
AMD,2022-03-10,2,0.1949,0.2892,3,0,Earnings
AMZN,2022-03-10,81,0.2482,0.3056,5,0,Earnings
BA,2022-03-10,2,0.0056,0.0058,2,0,Other
COST,2022-03-10,2,0.0054,0.0054,2,0,Other
CRM,2022-03-10,1,0.9213,0.9213,2,0,Other
DIS,2022-03-10,1,-0.8251,-0.8251,3,0,Product/Company News
GOOG,2022-03-10,5,0.4169,0.4169,2,0,Other
KO,2022-03-10,1,-0.0001,-0.0001,1,0,Other
META,2022-03-10,9,0.1659,0.1743,2,0,Other
MSFT,2022-03-10,1,-0.0193,-0.0193,1,0,Other
NFLX,2022-03-10,1,0.2878,0.2878,2,0,Other
PYPL,2022-03-10,2,0.4292,0.4292,2,0,Other
TSLA,2022-03-10,101,0.1521,0.2752,6,0,Macroeconomic
AAPL,2022-03-11,11,0.0473,0.05,2,0,Other
AMD,2022-03-11,4,0.0378,0.0503,2,0,Other
AMZN,2022-03-11,14,0.2341,0.228,3,0,Analyst Rating
BA,2022-03-11,1,0.0162,0.0162,1,0,Other
COST,2022-03-11,1,-0.0018,-0.0018,2,0,Other
DIS,2022-03-11,3,-0.3373,-0.3373,2,0,Other
GOOG,2022-03-11,3,0.2231,0.2231,2,0,Other
INTC,2022-03-11,1,-0.0017,-0.0017,1,0,Other
META,2022-03-11,10,0.1736,0.2274,4,0,Product/Company News
MSFT,2022-03-11,4,0.1946,0.1946,2,0,Other
TSLA,2022-03-11,93,0.0265,0.0231,4,0,Product/Company News
AAPL,2022-03-12,11,-0.1201,-0.1153,3,0,Macroeconomic
AMD,2022-03-12,3,-0.0654,-0.0772,2,0,Other
AMZN,2022-03-12,6,-0.0109,-0.0116,2,0,Product/Company News
CRM,2022-03-12,1,0.0045,0.0045,2,0,Other
DIS,2022-03-12,1,0.0023,0.0023,1,0,Other
GOOG,2022-03-12,6,0.1881,0.1955,3,0,Product/Company News
META,2022-03-12,8,-0.2178,-0.2325,2,0,Other
MSFT,2022-03-12,3,0.0169,0.0169,2,0,Other
NFLX,2022-03-12,1,-0.3741,-0.3741,2,0,Other
PYPL,2022-03-12,1,0.8105,0.8105,2,0,Other
TSLA,2022-03-12,54,0.0968,0.1254,3,0,Macroeconomic
AAPL,2022-03-13,8,0.1486,0.1696,2,0,Product/Company News
AMD,2022-03-13,2,-0.1002,-0.1327,2,0,Other
AMZN,2022-03-13,2,0.2384,0.3182,2,0,Other
COST,2022-03-13,1,-0.0001,-0.0001,2,0,Other
GOOG,2022-03-13,1,-0.0014,-0.0014,1,0,Other
INTC,2022-03-13,1,-0.0014,-0.0014,1,0,Other
KO,2022-03-13,2,-0.4674,-0.6232,4,0,Product/Company News
META,2022-03-13,8,-0.1653,0.0127,5,0,Analyst Rating
PYPL,2022-03-13,1,-0.0275,-0.0275,1,0,Other
TSLA,2022-03-13,34,-0.0026,-0.0211,3,0,Product/Company News
AAPL,2022-03-14,26,-0.2702,-0.3724,5,0,Product/Company News
AMD,2022-03-14,3,-0.1673,-0.2484,2,0,Other
AMZN,2022-03-14,1,0.0035,0.0035,1,0,Other
COST,2022-03-14,1,0.0071,0.0071,2,0,Other
CRM,2022-03-14,1,-0.0001,-0.0001,2,0,Other
DIS,2022-03-14,1,0.0035,0.0035,1,0,Other
GOOG,2022-03-14,1,-0.0022,-0.0022,1,0,Other
META,2022-03-14,8,-0.0692,-0.0692,2,0,Other
NFLX,2022-03-14,3,0.2112,0.2112,2,0,Other
PYPL,2022-03-14,3,-0.368,-0.368,2,0,Other
TSLA,2022-03-14,91,-0.0025,0.0509,5,0,Analyst Rating
AAPL,2022-03-15,14,-0.1435,-0.1435,2,0,Other
AMD,2022-03-15,7,0.1009,0.1028,2,0,Other
AMZN,2022-03-15,5,0.2023,0.3919,5,0,Merger/Acquisition
BA,2022-03-15,2,0.0401,0.0401,2,0,Other
COST,2022-03-15,4,0.0856,0.0856,2,0,Other
GOOG,2022-03-15,2,0.1935,0.258,2,0,Other
INTC,2022-03-15,3,0.0718,0.0639,3,0,Product/Company News
KO,2022-03-15,1,0.001,0.001,1,0,Other
META,2022-03-15,8,0.0056,0.0528,3,0,Product/Company News
MSFT,2022-03-15,2,0.0288,0.0288,1,0,Other
NFLX,2022-03-15,4,0.1135,0.1037,3,0,Merger/Acquisition
PYPL,2022-03-15,4,-0.0393,-0.0393,2,0,Other
TSLA,2022-03-15,98,0.1025,0.1503,6,0,Macroeconomic
AAPL,2022-03-16,8,0.0551,0.055,3,0,Macroeconomic
AMD,2022-03-16,5,0.4007,0.4007,2,0,Other
AMZN,2022-03-16,8,0.1878,0.1399,3,0,Product/Company News
COST,2022-03-16,1,0.0036,0.0036,2,0,Other
CRM,2022-03-16,1,-0.014,-0.014,2,0,Other
GOOG,2022-03-16,2,0.0017,-0.0001,2,0,Product/Company News
INTC,2022-03-16,1,0.0727,0.0727,2,0,Product/Company News
META,2022-03-16,8,-0.079,-0.079,2,0,Product/Company News
NFLX,2022-03-16,4,-0.243,-0.3226,3,0,Other
TSLA,2022-03-16,79,0.115,0.1688,5,0,Macroeconomic
AAPL,2022-03-17,12,0.0917,0.0934,3,0,Macroeconomic
AMD,2022-03-17,8,0.0568,0.0607,2,0,Other
AMZN,2022-03-17,11,0.0435,0.0414,4,0,Merger/Acquisition
COST,2022-03-17,3,0.0033,0.0033,2,0,Other
GOOG,2022-03-17,1,0.1005,0.1005,2,0,Other
INTC,2022-03-17,1,-0.0016,-0.0016,2,0,Other
KO,2022-03-17,1,-0.0003,-0.0003,1,0,Other
META,2022-03-17,10,0.1464,0.1464,2,0,Other
MSFT,2022-03-17,4,0.0503,0.0503,2,0,Other
NFLX,2022-03-17,4,0.172,0.172,2,0,Other
PYPL,2022-03-17,2,-0.0017,-0.0017,2,0,Other
TSLA,2022-03-17,78,0.0739,0.0793,5,0,Credit Event
AAPL,2022-03-18,9,-0.0092,-0.0118,2,0,Other
AMD,2022-03-18,3,0.2165,0.3176,2,0,Other
AMZN,2022-03-18,8,0.0129,0.0129,2,0,Other
BA,2022-03-18,1,0.3025,0.3025,3,0,Product/Company News
DIS,2022-03-18,1,-0.0005,-0.0005,1,0,Other
GOOG,2022-03-18,4,-0.0002,-0.0002,2,0,Other
INTC,2022-03-18,1,0.0306,0.0306,2,0,Other
KO,2022-03-18,1,0.0013,0.0013,2,0,Other
META,2022-03-18,9,0.1876,0.2099,2,0,Other
MSFT,2022-03-18,2,-0.0016,-0.0016,2,0,Other
NFLX,2022-03-18,2,-0.1612,-0.1612,2,0,Other
PYPL,2022-03-18,2,0.7128,0.7128,2,0,Other
TSLA,2022-03-18,86,0.2002,0.2322,5,0,Macroeconomic
AAPL,2022-03-19,8,0.3595,0.4094,2,0,Other
AMD,2022-03-19,4,0.5753,0.6572,2,0,Other
AMZN,2022-03-19,11,0.5038,0.5245,3,0,Other
COST,2022-03-19,2,0.0088,0.0088,2,0,Other
DIS,2022-03-19,2,0.3996,0.3996,2,0,Other
GOOG,2022-03-19,4,0.1118,0.1118,2,0,Other
META,2022-03-19,9,0.1042,0.0987,3,0,Merger/Acquisition
MSFT,2022-03-19,6,0.4701,0.5651,3,0,Other
NFLX,2022-03-19,3,0.6494,0.6494,2,0,Other
PYPL,2022-03-19,2,0.3714,0.3714,2,0,Other
TSLA,2022-03-19,49,0.2189,0.2856,2,0,Other
AAPL,2022-03-20,2,0.4616,0.7387,4,0,Analyst Rating
AMD,2022-03-20,3,0.045,0.0538,2,0,Other
AMZN,2022-03-20,3,0.0237,0.0361,2,0,Other
META,2022-03-20,4,-0.2293,-0.3772,2,0,Other
MSFT,2022-03-20,1,-0.0003,-0.0003,1,0,Other
PYPL,2022-03-20,2,0.3216,0.3216,2,0,Other
TSLA,2022-03-20,43,0.0328,0.0297,3,0,Product/Company News
AAPL,2022-03-21,11,-0.0819,-0.0819,2,0,Other
AMD,2022-03-21,5,0.1771,0.1771,2,0,Other
AMZN,2022-03-21,3,0.2408,0.2417,3,0,Merger/Acquisition
BA,2022-03-21,5,-0.3436,-0.4899,4,0,Product/Company News
COST,2022-03-21,2,-0.4054,-0.4054,2,0,Other
DIS,2022-03-21,3,-0.3575,-0.3575,2,0,Other
GOOG,2022-03-21,1,0.0083,0.0083,1,0,Other
META,2022-03-21,8,0.0347,0.0278,3,0,Legal/Regulatory
MSFT,2022-03-21,1,0.7106,0.7106,2,0,Other
NFLX,2022-03-21,3,0.2382,0.2852,2,0,Other
TSLA,2022-03-21,97,0.07,0.0847,4,0,Analyst Rating
AAPL,2022-03-22,13,0.0994,0.1123,2,0,Other
AMD,2022-03-22,9,0.2415,0.3457,3,0,Other
AMZN,2022-03-22,7,0.3492,0.3761,2,0,Other
BA,2022-03-22,2,-0.2461,-0.2461,2,0,Other
COST,2022-03-22,1,0.0006,0.0006,2,0,Other
DIS,2022-03-22,2,-0.2758,-0.3655,2,0,Other
GOOG,2022-03-22,3,0.1706,0.2048,2,0,Other
KO,2022-03-22,1,0.0006,0.0006,2,0,Other
META,2022-03-22,14,0.1807,0.2033,3,0,Other
NFLX,2022-03-22,3,0.221,0.221,2,0,Other
PYPL,2022-03-22,3,0.3234,0.3234,2,0,Other
TSLA,2022-03-22,189,0.1724,0.2092,7,1,Legal/Regulatory
AAPL,2022-03-23,12,0.3067,0.2837,4,0,Credit Event
AMD,2022-03-23,9,0.0834,0.0834,2,0,Other
AMZN,2022-03-23,3,0.0496,0.071,2,0,Other
BA,2022-03-23,1,-0.0024,-0.0024,1,0,Other
GOOG,2022-03-23,2,0.4757,0.4757,2,0,Other
INTC,2022-03-23,1,0.0163,0.0163,2,0,Product/Company News
META,2022-03-23,11,0.2303,0.3054,4,0,Product/Company News
NFLX,2022-03-23,1,-0.0213,-0.0213,1,0,Other
TSLA,2022-03-23,153,0.131,0.1302,6,0,Macroeconomic
AAPL,2022-03-24,13,0.2684,0.2684,2,0,Other
AMD,2022-03-24,9,0.4839,0.4839,2,0,Other
AMZN,2022-03-24,2,0.0,0.0,1,0,Other
BA,2022-03-24,1,-0.0018,-0.0018,1,0,Other
COST,2022-03-24,1,0.0032,0.0032,2,0,Other
CRM,2022-03-24,1,0.79,0.79,2,0,Other
GOOG,2022-03-24,3,0.0064,0.0064,2,0,Other
KO,2022-03-24,1,0.0032,0.0032,2,0,Other
META,2022-03-24,9,0.0207,0.022,2,0,Other
NFLX,2022-03-24,1,-0.0001,-0.0001,1,0,Other
TSLA,2022-03-24,98,0.1679,0.2145,5,0,Macroeconomic
AAPL,2022-03-25,12,0.2052,0.2142,2,0,Other
AMD,2022-03-25,8,0.2078,0.2217,2,0,Other
AMZN,2022-03-25,9,0.0054,0.0054,2,0,Other
BA,2022-03-25,1,-0.0069,-0.0069,1,0,Other
COST,2022-03-25,1,0.9617,0.9617,2,0,Other
GOOG,2022-03-25,3,-0.0016,-0.0016,2,0,Other
INTC,2022-03-25,2,0.465,0.5583,3,0,Other
META,2022-03-25,13,0.0231,0.0236,2,0,Other
MSFT,2022-03-25,3,-0.0016,-0.0016,2,0,Other
NFLX,2022-03-25,1,0.7366,0.7366,2,0,Other
PYPL,2022-03-25,2,0.0058,0.0058,2,0,Other
TSLA,2022-03-25,79,0.0957,0.1021,4,0,Analyst Rating
AAPL,2022-03-26,5,0.5612,0.7366,3,0,Product/Company News
AMD,2022-03-26,2,0.4422,0.4422,2,0,Product/Company News
AMZN,2022-03-26,6,0.2831,0.3406,2,0,Other
COST,2022-03-26,1,-0.001,-0.001,2,0,Other
CRM,2022-03-26,1,0.0604,0.0604,2,0,Other
DIS,2022-03-26,1,-0.001,-0.001,1,0,Other
META,2022-03-26,8,0.2586,0.4153,5,0,Analyst Rating
MSFT,2022-03-26,3,0.3253,0.3253,2,0,Other
NFLX,2022-03-26,3,0.0215,0.0259,2,0,Other
TSLA,2022-03-26,90,0.0746,0.0882,3,0,Product/Company News
AAPL,2022-03-27,7,0.1302,0.1807,2,0,Other
AMD,2022-03-27,4,0.2623,0.2995,2,0,Other
AMZN,2022-03-27,3,0.0794,0.0936,2,0,Other
BA,2022-03-27,1,-0.0033,-0.0033,1,0,Other
DIS,2022-03-27,1,-0.5612,-0.5612,2,0,Other
GOOG,2022-03-27,3,0.0782,0.0782,2,0,Other
INTC,2022-03-27,2,0.0151,0.0151,2,0,Product/Company News
META,2022-03-27,5,0.1545,0.2557,2,0,Other
MSFT,2022-03-27,1,0.0084,0.0084,1,0,Other
PYPL,2022-03-27,4,0.2224,0.2995,3,0,Other
TSLA,2022-03-27,86,-0.033,-0.0826,5,0,Macroeconomic
AAPL,2022-03-28,9,-0.0018,-0.0991,4,0,Product/Company News
AMD,2022-03-28,9,0.2192,0.2322,2,0,Other
AMZN,2022-03-28,4,0.0781,0.1229,2,0,Other
BA,2022-03-28,2,0.525,0.525,2,0,Other
DIS,2022-03-28,1,0.1606,0.1606,2,0,Other
KO,2022-03-28,1,0.0033,0.0033,2,0,Other
META,2022-03-28,3,0.101,0.1512,2,0,Other
MSFT,2022-03-28,2,0.1508,0.1508,2,0,Other
NFLX,2022-03-28,3,0.4752,0.4752,2,0,Other
PYPL,2022-03-28,3,0.3033,0.3033,2,0,Other
TSLA,2022-03-28,191,0.1816,0.222,7,1,Earnings
AAPL,2022-03-29,21,0.4068,0.4444,3,0,Other
AMD,2022-03-29,8,0.5334,0.5679,2,0,Other
AMZN,2022-03-29,17,0.243,0.2776,3,0,Other
BA,2022-03-29,1,0.0185,0.0185,1,0,Other
GOOG,2022-03-29,2,0.0105,0.0142,2,0,Other
INTC,2022-03-29,1,0.0164,0.0164,1,0,Other
KO,2022-03-29,1,0.0048,0.0048,2,0,Other
META,2022-03-29,8,0.1369,0.1674,2,0,Other
MSFT,2022-03-29,7,0.291,0.3578,3,0,Other
NFLX,2022-03-29,5,0.5074,0.5833,3,0,Other
PYPL,2022-03-29,5,0.4076,0.5032,3,0,Other
TSLA,2022-03-29,119,0.2183,0.2305,4,0,Product/Company News
AAPL,2022-03-30,28,0.3594,0.4391,3,0,Other
AMD,2022-03-30,3,0.4003,0.4786,2,0,Other
AMZN,2022-03-30,1,0.0139,0.0139,1,0,Other
COST,2022-03-30,3,-0.0048,-0.0048,2,0,Other
DIS,2022-03-30,3,0.2937,0.2937,2,0,Other
GOOG,2022-03-30,1,0.0139,0.0139,1,0,Other
KO,2022-03-30,3,0.0368,0.0368,2,0,Other
META,2022-03-30,7,0.3242,0.4315,4,0,Analyst Rating
MSFT,2022-03-30,1,0.0139,0.0139,1,0,Other
NFLX,2022-03-30,1,-0.0003,-0.0003,2,0,Product/Company News
PYPL,2022-03-30,5,0.3657,0.5663,6,0,Analyst Rating
TSLA,2022-03-30,99,0.0531,0.0735,5,0,Analyst Rating
AAPL,2022-03-31,12,0.0896,0.0935,2,0,Other
AMD,2022-03-31,12,-0.1053,-0.1322,3,0,Other
AMZN,2022-03-31,9,0.0743,0.0743,2,0,Other
COST,2022-03-31,3,0.0016,0.0016,2,0,Other
DIS,2022-03-31,1,0.0057,0.0057,1,0,Other
GOOG,2022-03-31,1,-0.1961,-0.1961,2,0,Other
KO,2022-03-31,1,0.0024,0.0024,2,0,Other
META,2022-03-31,7,-0.1319,-0.1604,2,0,Other
MSFT,2022-03-31,3,0.0011,0.0011,2,0,Other
NFLX,2022-03-31,1,-0.0017,-0.0017,1,0,Other
PYPL,2022-03-31,1,-0.898,-0.898,2,0,Other
TSLA,2022-03-31,93,0.0653,0.0553,4,0,Product/Company News
AAPL,2022-04-01,13,-0.0592,-0.1624,5,0,Analyst Rating
AMD,2022-04-01,8,0.1716,0.1716,2,0,Other
AMZN,2022-04-01,7,0.107,0.1154,2,0,Other
COST,2022-04-01,1,-0.3297,-0.3297,2,0,Other
DIS,2022-04-01,4,-0.2057,-0.2057,2,0,Other
GOOG,2022-04-01,4,-0.0025,-0.0025,2,0,Other
KO,2022-04-01,3,-0.0018,-0.0018,2,0,Other
META,2022-04-01,4,-0.0411,-0.0337,2,0,Product/Company News
NFLX,2022-04-01,1,0.0138,0.0138,1,0,Other
PYPL,2022-04-01,1,-0.004,-0.004,2,0,Product/Company News
TSLA,2022-04-01,90,0.0985,0.1656,4,0,Macroeconomic
AAPL,2022-04-02,8,-0.0352,-0.0539,2,0,Other
AMD,2022-04-02,4,0.0289,0.0385,2,0,Other
AMZN,2022-04-02,9,0.0228,0.0258,2,0,Other
BA,2022-04-02,2,-0.4265,-0.4265,2,0,Other
COST,2022-04-02,2,-0.0011,-0.0011,2,0,Other
CRM,2022-04-02,1,-0.0002,-0.0002,1,0,Other
GOOG,2022-04-02,3,0.0136,0.0136,2,0,Other
KO,2022-04-02,1,-0.0036,-0.0036,1,0,Other
META,2022-04-02,4,-0.2466,-0.3315,2,0,Other
MSFT,2022-04-02,3,0.0129,0.0155,2,0,Other
NFLX,2022-04-02,1,-0.002,-0.002,1,0,Other
PYPL,2022-04-02,1,-0.0002,-0.0002,1,0,Other
TSLA,2022-04-02,133,0.108,0.1649,4,0,Product/Company News
AAPL,2022-04-03,4,-0.1089,-0.1733,2,0,Other
AMD,2022-04-03,2,-0.0278,-0.0278,1,0,Other
AMZN,2022-04-03,4,0.2255,0.2995,2,0,Product/Company News
BA,2022-04-03,2,0.3926,0.3926,2,0,Other
COST,2022-04-03,1,0.0068,0.0068,2,0,Other
META,2022-04-03,5,0.1571,0.2621,2,0,Other
MSFT,2022-04-03,1,-0.001,-0.001,1,0,Other
TSLA,2022-04-03,74,0.089,0.1481,5,0,Macroeconomic
AAPL,2022-04-04,16,0.2661,0.3275,5,0,Analyst Rating
AMD,2022-04-04,10,-0.0646,-0.1769,7,1,Merger/Acquisition
AMZN,2022-04-04,5,0.1189,0.2244,3,0,Product/Company News
BA,2022-04-04,1,0.2238,0.2238,1,0,Other
COST,2022-04-04,1,0.001,0.001,2,0,Other
DIS,2022-04-04,1,-0.0009,-0.0009,1,0,Other
GOOG,2022-04-04,1,-0.0007,-0.0007,1,0,Other
KO,2022-04-04,2,-0.0009,-0.0009,2,0,Other
META,2022-04-04,12,0.1536,0.1536,2,0,Other
MSFT,2022-04-04,1,-0.0007,-0.0007,1,0,Other
NFLX,2022-04-04,2,-0.0007,-0.0001,2,0,Other
PYPL,2022-04-04,3,0.0388,0.0466,2,0,Other
TSLA,2022-04-04,134,0.1616,0.2208,5,0,Analyst Rating
AAPL,2022-04-05,9,0.021,0.0288,2,0,Other
AMD,2022-04-05,15,0.3311,0.4572,6,0,Analyst Rating
AMZN,2022-04-05,12,0.1398,0.1719,3,0,Other
BA,2022-04-05,3,0.3207,0.4127,3,0,Other
GOOG,2022-04-05,1,0.0957,0.0957,2,0,Other
META,2022-04-05,17,-0.0212,-0.0845,4,0,Product/Company News
MSFT,2022-04-05,2,-0.0019,-0.0019,2,0,Other
NFLX,2022-04-05,2,0.2153,0.2874,2,0,Other
PYPL,2022-04-05,2,0.0093,0.0093,2,0,Other
TSLA,2022-04-05,127,0.1191,0.1528,5,0,Analyst Rating
AAPL,2022-04-06,8,-0.092,-0.1203,2,0,Other
AMD,2022-04-06,7,0.0087,0.0101,2,0,Other
AMZN,2022-04-06,10,0.0384,0.0439,2,0,Other
BA,2022-04-06,1,0.0038,0.0038,1,0,Other
COST,2022-04-06,1,-0.5458,-0.5458,2,0,Other
GOOG,2022-04-06,3,-0.0953,-0.0953,2,0,Other
INTC,2022-04-06,3,-0.6852,-0.7896,4,0,Product/Company News
KO,2022-04-06,1,-0.0014,-0.0014,1,0,Other
META,2022-04-06,3,-0.0034,-0.0034,1,0,Other
MSFT,2022-04-06,3,-0.1165,-0.1342,2,0,Other
NFLX,2022-04-06,2,-0.0065,-0.0065,2,0,Other
PYPL,2022-04-06,2,0.871,0.8639,3,0,Product/Company News
TSLA,2022-04-06,94,0.0537,0.0687,5,0,Macroeconomic
AAPL,2022-04-07,4,-0.2394,-0.4636,3,0,Analyst Rating
AMD,2022-04-07,3,0.0413,0.0486,2,0,Other
AMZN,2022-04-07,4,0.1204,0.1909,2,0,Other
COST,2022-04-07,3,-0.2838,-0.3679,3,0,Other
DIS,2022-04-07,5,-0.1764,-0.2208,3,0,Other
GOOG,2022-04-07,1,0.0027,0.0027,1,0,Other
INTC,2022-04-07,1,0.0077,0.0077,2,0,Other
KO,2022-04-07,1,0.003,0.003,1,0,Other
META,2022-04-07,9,0.1228,0.1472,2,0,Other
MSFT,2022-04-07,1,0.0019,0.0019,1,0,Other
NFLX,2022-04-07,1,0.1044,0.1044,2,0,Other
PYPL,2022-04-07,2,-0.0044,-0.0044,2,0,Other
TSLA,2022-04-07,128,0.0693,0.0953,5,0,Macroeconomic
AAPL,2022-04-08,11,0.1257,0.1044,3,0,Product/Company News
AMD,2022-04-08,13,0.5096,0.571,3,0,Other
AMZN,2022-04-08,7,0.5321,0.5321,2,0,Other
BA,2022-04-08,1,0.0211,0.0211,1,0,Other
COST,2022-04-08,2,0.4776,0.5734,3,0,Other
CRM,2022-04-08,1,0.0006,0.0006,2,0,Other
DIS,2022-04-08,1,-0.1047,-0.1047,3,0,Macroeconomic
GOOG,2022-04-08,1,-0.0378,-0.0378,1,0,Other
INTC,2022-04-08,1,0.0024,0.0024,1,0,Other
META,2022-04-08,6,-0.0001,-0.0001,1,0,Other
MSFT,2022-04-08,4,0.4898,0.4898,2,0,Other
NFLX,2022-04-08,4,0.4903,0.4903,2,0,Product/Company News
PYPL,2022-04-08,2,-0.0006,-0.0006,2,0,Other
TSLA,2022-04-08,257,0.0652,0.0797,5,0,Legal/Regulatory
AAPL,2022-04-09,3,-0.1512,-0.2282,2,0,Other
AMD,2022-04-09,6,-0.0486,-0.0486,2,0,Other
AMZN,2022-04-09,7,-0.0775,-0.0836,2,0,Other
BA,2022-04-09,1,-0.0011,-0.0011,1,0,Other
COST,2022-04-09,1,0.0059,0.0059,1,0,Other
GOOG,2022-04-09,3,0.0018,0.0018,2,0,Other
INTC,2022-04-09,1,0.0281,0.0281,2,0,Other
META,2022-04-09,4,0.3668,0.481,2,0,Other
NFLX,2022-04-09,1,0.0017,0.0017,1,0,Other
TSLA,2022-04-09,66,0.0442,0.0797,5,0,Macroeconomic
AAPL,2022-04-10,6,0.1657,0.2816,2,0,Other
AMD,2022-04-10,8,-0.0374,-0.0374,2,0,Other
AMZN,2022-04-10,4,0.0564,0.0909,2,0,Other
BA,2022-04-10,2,0.0006,0.0006,2,0,Other
COST,2022-04-10,4,0.2622,0.3417,3,0,Other
DIS,2022-04-10,2,-0.1097,-0.1097,2,0,Other
GOOG,2022-04-10,2,-0.0023,-0.0027,2,0,Other
KO,2022-04-10,1,-0.0037,-0.0037,2,0,Other
META,2022-04-10,5,-0.0003,-0.0009,2,0,Product/Company News
MSFT,2022-04-10,3,0.0758,0.0758,2,0,Other
NFLX,2022-04-10,1,0.0027,0.0027,1,0,Other
PYPL,2022-04-10,3,-0.0002,-0.0002,2,0,Other
TSLA,2022-04-10,70,0.0441,0.0653,3,0,Product/Company News
AAPL,2022-04-11,15,0.0822,-0.0093,6,0,Legal/Regulatory
AMD,2022-04-11,18,-0.0478,-0.0472,3,0,Other
AMZN,2022-04-11,8,0.1405,0.2645,7,1,Credit Event
BA,2022-04-11,2,0.0297,0.0297,2,0,Other
DIS,2022-04-11,2,0.6575,0.7673,5,0,Analyst Rating
GOOG,2022-04-11,3,0.3269,0.4872,2,0,Other
INTC,2022-04-11,1,0.2318,0.2318,3,0,Product/Company News
META,2022-04-11,7,-0.1302,-0.1402,2,0,Other
MSFT,2022-04-11,1,0.0556,0.0556,1,0,Other
NFLX,2022-04-11,2,0.4295,0.4295,2,0,Other
PYPL,2022-04-11,2,-0.4799,-0.6451,2,0,Other
TSLA,2022-04-11,110,-0.009,0.0003,4,0,Product/Company News
AAPL,2022-04-12,10,0.2026,0.2763,3,0,Earnings
AMD,2022-04-12,4,-0.4092,-0.6532,4,0,Analyst Rating
AMZN,2022-04-12,6,0.1174,0.1241,2,0,Other
BA,2022-04-12,2,-0.0073,-0.0119,2,0,Other
DIS,2022-04-12,1,0.0114,0.0114,1,0,Other
GOOG,2022-04-12,1,0.0143,0.0143,1,0,Other
INTC,2022-04-12,1,0.0114,0.0114,2,0,Other
META,2022-04-12,5,0.0002,0.0006,2,0,Product/Company News
MSFT,2022-04-12,2,0.029,0.0241,2,0,Other
NFLX,2022-04-12,3,0.3242,0.3242,2,0,Other
TSLA,2022-04-12,96,0.0357,0.0376,5,0,Macroeconomic
AAPL,2022-04-13,11,-0.0646,-0.0169,5,0,Macroeconomic
AMD,2022-04-13,8,0.2332,0.2332,2,0,Other
AMZN,2022-04-13,15,0.0764,0.0443,4,0,Product/Company News
BA,2022-04-13,3,0.0358,0.0358,2,0,Other
DIS,2022-04-13,1,0.0089,0.0089,1,0,Other
GOOG,2022-04-13,3,0.1924,0.1924,2,0,Other
INTC,2022-04-13,1,0.0089,0.0089,2,0,Other
META,2022-04-13,12,-0.0236,-0.1688,4,0,Product/Company News
MSFT,2022-04-13,2,0.4548,0.4548,2,0,Other
NFLX,2022-04-13,3,0.3268,0.3268,2,0,Other
PYPL,2022-04-13,1,0.3959,0.3959,2,0,Other
TSLA,2022-04-13,86,0.0754,0.1169,4,0,Earnings
AAPL,2022-04-14,6,0.006,0.006,1,0,Other
AMD,2022-04-14,4,0.1418,0.3243,4,0,Earnings
AMZN,2022-04-14,16,0.0482,0.0478,3,0,Macroeconomic
BA,2022-04-14,1,-0.0002,-0.0002,1,0,Other
COST,2022-04-14,5,0.7034,0.7958,5,0,Earnings
GOOG,2022-04-14,3,-0.0028,0.0033,2,0,Other
KO,2022-04-14,2,-0.0016,-0.0016,2,0,Other
META,2022-04-14,5,-0.1588,-0.2754,2,0,Other
MSFT,2022-04-14,2,0.002,0.002,2,0,Other
NFLX,2022-04-14,4,0.0223,0.0223,2,0,Other
PYPL,2022-04-14,2,-0.4306,-0.4306,2,0,Other
TSLA,2022-04-14,164,-0.0051,-0.0007,4,0,Product/Company News
AAPL,2022-04-15,7,0.1414,0.2711,4,0,Earnings
AMD,2022-04-15,5,0.1384,0.3555,4,0,Earnings
AMZN,2022-04-15,9,0.2505,0.437,5,0,Earnings
BA,2022-04-15,1,0.0195,0.0195,1,0,Other
COST,2022-04-15,2,0.1565,0.1565,2,0,Other
DIS,2022-04-15,1,0.0195,0.0195,1,0,Other
GOOG,2022-04-15,2,0.0304,0.0304,1,0,Other
INTC,2022-04-15,2,0.011,0.011,2,0,Other
KO,2022-04-15,2,0.4682,0.6606,5,0,Earnings
META,2022-04-15,3,0.3117,0.6144,4,0,Earnings
MSFT,2022-04-15,2,0.0066,0.0066,1,0,Other
NFLX,2022-04-15,2,0.026,0.0282,2,0,Other
PYPL,2022-04-15,1,0.0195,0.0195,1,0,Other
TSLA,2022-04-15,99,0.0487,0.0753,5,0,Earnings
AAPL,2022-04-16,11,0.1751,0.2138,2,0,Other
AMD,2022-04-16,4,0.2523,0.331,2,0,Product/Company News
AMZN,2022-04-16,9,0.1039,0.1039,2,0,Other
COST,2022-04-16,1,0.0456,0.0456,2,0,Other
GOOG,2022-04-16,2,0.1981,0.2363,2,0,Other
INTC,2022-04-16,1,0.001,0.001,2,0,Product/Company News
KO,2022-04-16,2,0.0012,0.0012,2,0,Other
META,2022-04-16,6,0.1715,0.1982,2,0,Other
MSFT,2022-04-16,3,0.4573,0.4573,2,0,Other
NFLX,2022-04-16,3,0.3551,0.4249,2,0,Other
PYPL,2022-04-16,1,-0.0666,-0.0666,2,0,Other
TSLA,2022-04-16,53,0.0473,0.0691,3,0,Legal/Regulatory
AAPL,2022-04-17,4,-0.0307,-0.0307,1,0,Other
AMD,2022-04-17,2,-0.0042,-0.0042,1,0,Other
AMZN,2022-04-17,3,0.2295,0.4115,2,0,Other
INTC,2022-04-17,1,-0.372,-0.372,3,0,Product/Company News
META,2022-04-17,4,0.3868,0.4516,2,0,Other
NFLX,2022-04-17,4,0.2402,0.2936,3,0,Other
PYPL,2022-04-17,1,0.211,0.211,2,0,Other
TSLA,2022-04-17,77,-0.0052,-0.0003,4,0,Macroeconomic
AAPL,2022-04-18,9,-0.1591,-0.1709,3,0,Product/Company News
AMD,2022-04-18,7,-0.1304,-0.1216,3,0,Earnings
AMZN,2022-04-18,7,-0.0005,0.0042,3,0,Macroeconomic
BA,2022-04-18,1,-0.0009,-0.0009,1,0,Other
CRM,2022-04-18,3,-0.328,-0.411,3,0,Other
DIS,2022-04-18,4,-0.2477,-0.3929,4,0,Product/Company News
GOOG,2022-04-18,3,0.2783,0.2783,2,0,Other
KO,2022-04-18,1,-0.0019,-0.0019,2,0,Other
META,2022-04-18,3,-0.2844,-0.4472,2,0,Other
MSFT,2022-04-18,1,-0.0009,-0.0009,1,0,Other
NFLX,2022-04-18,11,-0.0668,-0.1688,5,0,Product/Company News
TSLA,2022-04-18,107,0.0318,0.0783,5,0,Earnings
AAPL,2022-04-19,7,-0.0341,-0.044,2,0,Other
AMD,2022-04-19,7,0.1347,0.1347,2,0,Other
AMZN,2022-04-19,4,0.4284,0.5707,2,0,Other
DIS,2022-04-19,4,-0.0552,-0.0644,3,0,Geopolitical
GOOG,2022-04-19,5,0.0716,0.0716,2,0,Other
META,2022-04-19,7,0.0984,0.0932,3,0,Macroeconomic
MSFT,2022-04-19,1,-0.0024,-0.0024,1,0,Other
NFLX,2022-04-19,16,-0.0927,-0.0522,5,0,Earnings
TSLA,2022-04-19,84,0.1385,0.2717,5,0,Analyst Rating
AAPL,2022-04-20,22,-0.0197,-0.0396,3,0,Other
AMD,2022-04-20,3,0.1622,0.2446,2,0,Other
AMZN,2022-04-20,18,0.0893,0.1176,4,0,Macroeconomic
BA,2022-04-20,3,0.3191,0.3191,2,0,Other
COST,2022-04-20,2,-0.003,-0.003,2,0,Other
DIS,2022-04-20,12,-0.179,-0.2109,5,0,Geopolitical
GOOG,2022-04-20,6,0.018,0.018,2,0,Other
KO,2022-04-20,3,0.002,0.002,2,0,Other
META,2022-04-20,15,-0.0361,-0.0916,3,0,Other
MSFT,2022-04-20,4,0.3,0.3,2,0,Other
NFLX,2022-04-20,372,-0.2116,-0.2832,8,6,Macroeconomic
PYPL,2022-04-20,2,-0.0001,-0.0001,2,0,Other
TSLA,2022-04-20,157,0.0119,0.0486,6,0,Earnings
AAPL,2022-04-21,12,-0.0775,-0.0784,3,0,Earnings
AMD,2022-04-21,2,-0.4048,-0.5397,2,0,Other
AMZN,2022-04-21,17,0.0611,0.0611,3,0,Product/Company News
CRM,2022-04-21,1,-0.8186,-0.8186,2,0,Other
DIS,2022-04-21,8,-0.1272,-0.1333,4,0,Geopolitical
GOOG,2022-04-21,3,-0.0271,-0.0399,2,0,Other
KO,2022-04-21,1,0.0202,0.0202,2,0,Other
META,2022-04-21,21,0.0517,0.0851,5,0,Merger/Acquisition
MSFT,2022-04-21,4,0.293,0.293,2,0,Other
NFLX,2022-04-21,75,-0.1867,-0.2401,4,0,Earnings
PYPL,2022-04-21,3,-0.2239,-0.2239,2,0,Product/Company News
TSLA,2022-04-21,395,0.1714,0.2459,8,13,Earnings
AAPL,2022-04-22,17,-0.061,0.0473,6,0,Analyst Rating
AMD,2022-04-22,11,0.0271,0.0271,2,0,Other
AMZN,2022-04-22,15,0.1928,0.2406,3,0,Other
BA,2022-04-22,2,0.3577,0.3577,2,0,Other
COST,2022-04-22,4,0.0017,0.0017,2,0,Other
CRM,2022-04-22,2,0.4908,0.4908,2,0,Other
DIS,2022-04-22,14,-0.157,-0.3097,9,1,Credit Event
GOOG,2022-04-22,10,0.1084,0.1469,3,0,Other
INTC,2022-04-22,1,0.6913,0.6913,2,0,Other
KO,2022-04-22,4,-0.0068,-0.0068,2,0,Other
META,2022-04-22,18,0.2246,0.2535,3,0,Earnings
MSFT,2022-04-22,6,0.4325,0.5075,3,0,Other
NFLX,2022-04-22,21,-0.2416,-0.2916,3,0,Other
PYPL,2022-04-22,6,-0.3177,-0.3665,3,0,Other
TSLA,2022-04-22,126,0.0067,0.0177,5,0,Analyst Rating
AAPL,2022-04-23,13,-0.0871,-0.0946,2,0,Other
AMD,2022-04-23,3,0.0506,0.0692,2,0,Other
AMZN,2022-04-23,15,0.0783,0.0783,2,0,Other
BA,2022-04-23,4,0.2436,0.2436,2,0,Other
COST,2022-04-23,2,-0.0001,0.0004,2,0,Other
CRM,2022-04-23,2,0.0622,0.0622,2,0,Other
DIS,2022-04-23,4,-0.1709,-0.1222,4,0,Macroeconomic
GOOG,2022-04-23,8,-0.0323,-0.0824,3,0,Other
INTC,2022-04-23,5,0.1962,0.2551,3,0,Other
KO,2022-04-23,6,0.1632,0.2157,3,0,Other
META,2022-04-23,13,0.033,0.033,2,0,Other
MSFT,2022-04-23,8,0.0164,0.0164,2,0,Other
NFLX,2022-04-23,11,-0.048,-0.0756,3,0,Other
PYPL,2022-04-23,7,0.0229,-0.0415,3,0,Other
TSLA,2022-04-23,96,-0.0438,-0.0538,3,0,Legal/Regulatory
AAPL,2022-04-24,12,0.1546,0.1567,6,0,Earnings
AMD,2022-04-24,2,0.0254,0.0254,1,0,Other
AMZN,2022-04-24,15,0.1995,0.2673,6,0,Earnings
BA,2022-04-24,3,0.1965,0.1685,3,0,Earnings
DIS,2022-04-24,1,0.0287,0.0287,1,0,Other
GOOG,2022-04-24,2,-0.4786,-0.6431,2,0,Other
INTC,2022-04-24,1,0.0227,0.0227,2,0,Other
KO,2022-04-24,3,0.1965,0.1685,3,0,Earnings
META,2022-04-24,14,0.1462,0.1324,3,0,Earnings
MSFT,2022-04-24,10,0.268,0.3812,8,1,Earnings
NFLX,2022-04-24,2,-0.3155,-0.4181,2,0,Other
PYPL,2022-04-24,7,0.1349,0.1259,3,0,Earnings
TSLA,2022-04-24,74,0.1171,0.17,3,0,Product/Company News
AAPL,2022-04-25,20,-0.1758,-0.1666,3,0,Other
AMD,2022-04-25,7,-0.043,0.1375,5,0,Analyst Rating
AMZN,2022-04-25,23,-0.1326,-0.1446,3,0,Other
BA,2022-04-25,3,0.0002,0.0002,2,0,Other
COST,2022-04-25,2,-0.1918,-0.1918,2,0,Other
CRM,2022-04-25,2,-0.417,-0.5187,3,0,Other
DIS,2022-04-25,1,-0.9755,-0.9755,2,0,Other
GOOG,2022-04-25,7,0.1592,0.304,5,0,Analyst Rating
INTC,2022-04-25,2,0.0071,0.0071,2,0,Other
KO,2022-04-25,6,-0.0569,-0.0569,2,0,Other
META,2022-04-25,22,0.0461,0.0995,5,0,Analyst Rating
MSFT,2022-04-25,13,0.0127,0.0115,3,0,Other
NFLX,2022-04-25,14,-0.2578,-0.3822,5,0,Product/Company News
PYPL,2022-04-25,8,0.054,0.0493,3,0,Other
TSLA,2022-04-25,135,0.0321,0.0429,5,0,Macroeconomic
AAPL,2022-04-26,11,0.0439,-0.0424,4,0,Product/Company News
AMD,2022-04-26,3,0.3198,0.4806,2,0,Other
AMZN,2022-04-26,9,-0.0464,-0.0464,2,0,Other
CRM,2022-04-26,1,-0.0056,-0.0056,1,0,Other
DIS,2022-04-26,2,-0.0056,-0.0056,2,0,Other
GOOG,2022-04-26,12,-0.1591,-0.1956,4,0,Earnings
KO,2022-04-26,4,0.4874,0.7294,6,0,Earnings
META,2022-04-26,14,0.0639,0.1594,6,0,Analyst Rating
MSFT,2022-04-26,5,0.0414,0.0414,2,0,Other
NFLX,2022-04-26,9,-0.2293,-0.2844,3,0,Other
TSLA,2022-04-26,198,-0.0287,-0.0215,7,1,Earnings
AAPL,2022-04-27,26,-0.0499,-0.0828,3,0,Other
AMD,2022-04-27,4,-0.1282,-0.1715,2,0,Other
AMZN,2022-04-27,13,-0.1428,-0.1445,2,0,Other
BA,2022-04-27,4,-0.464,-0.6964,5,0,Macroeconomic
COST,2022-04-27,1,-0.0002,-0.0002,1,0,Other
DIS,2022-04-27,1,0.0185,0.0185,1,0,Other
GOOG,2022-04-27,33,-0.0652,-0.0836,4,0,Earnings
INTC,2022-04-27,1,0.0185,0.0185,2,0,Other
KO,2022-04-27,3,-0.001,-0.001,2,0,Other
META,2022-04-27,59,-0.1965,-0.2555,8,1,Earnings
MSFT,2022-04-27,8,0.0298,0.0778,3,0,Other
NFLX,2022-04-27,25,-0.1745,-0.1974,7,2,Earnings
PYPL,2022-04-27,13,0.0785,0.0327,5,0,Product/Company News
TSLA,2022-04-27,139,0.0035,0.0197,6,0,Earnings
AAPL,2022-04-28,26,0.1182,0.0474,7,1,Legal/Regulatory
AMD,2022-04-28,3,0.5359,0.6308,2,0,Other
AMZN,2022-04-28,19,-0.0387,-0.1027,4,0,Product/Company News
BA,2022-04-28,2,-0.0485,-0.0485,2,0,Other
DIS,2022-04-28,1,-0.0612,-0.0612,3,0,Macroeconomic
GOOG,2022-04-28,7,0.0316,0.0837,3,0,Other
INTC,2022-04-28,2,0.1526,0.1526,2,0,Product/Company News
KO,2022-04-28,2,0.0223,0.0179,2,0,Other
META,2022-04-28,98,0.3022,0.357,7,2,Earnings
MSFT,2022-04-28,3,0.052,0.0369,3,0,Earnings
NFLX,2022-04-28,7,0.1272,0.1842,3,0,Other
PYPL,2022-04-28,8,0.1086,0.1595,3,0,Other
TSLA,2022-04-28,141,0.0283,0.0176,5,0,Earnings
AAPL,2022-04-29,103,0.0238,0.0528,8,2,Earnings
AMD,2022-04-29,7,-0.0524,-0.0566,2,0,Other
AMZN,2022-04-29,150,-0.215,-0.2824,8,5,Earnings
BA,2022-04-29,2,-0.3776,-0.2686,3,0,Product/Company News
CRM,2022-04-29,1,0.0132,0.0132,1,0,Other
GOOG,2022-04-29,10,0.1888,0.1888,2,0,Other
INTC,2022-04-29,4,-0.266,-0.0635,7,1,Earnings
META,2022-04-29,19,0.0606,0.1279,3,0,Other
MSFT,2022-04-29,11,-0.0232,-0.0943,3,0,Other
NFLX,2022-04-29,10,-0.3476,-0.4152,3,0,Analyst Rating
PYPL,2022-04-29,1,-0.0031,-0.0031,1,0,Other
TSLA,2022-04-29,216,0.0086,0.0111,3,0,Legal/Regulatory
AAPL,2022-04-30,16,0.0278,0.0279,3,0,Earnings
AMD,2022-04-30,4,0.0193,0.0094,2,0,Other
AMZN,2022-04-30,28,-0.2107,-0.2296,3,0,Other
CRM,2022-04-30,1,-0.0533,-0.0533,2,0,Other
DIS,2022-04-30,3,-0.1041,-0.1041,2,0,Other
GOOG,2022-04-30,1,0.9818,0.9818,2,0,Other
KO,2022-04-30,1,0.0001,0.0001,1,0,Other
META,2022-04-30,4,0.2271,0.3061,2,0,Other
MSFT,2022-04-30,1,0.9815,0.9815,2,0,Other
NFLX,2022-04-30,4,-0.0037,-0.0037,2,0,Other
PYPL,2022-04-30,1,0.0002,0.0002,1,0,Other
TSLA,2022-04-30,86,0.0643,0.0941,3,0,Product/Company News
AAPL,2022-05-01,5,-0.0509,-0.0768,2,0,Other
AMD,2022-05-01,10,0.0106,0.0113,2,0,Other
AMZN,2022-05-01,9,-0.2186,-0.2186,2,0,Other
CRM,2022-05-01,1,-0.001,-0.001,2,0,Other
GOOG,2022-05-01,1,-0.001,-0.001,1,0,Other
INTC,2022-05-01,2,-0.0804,-0.0971,3,0,Macroeconomic
KO,2022-05-01,1,0.0253,0.0253,2,0,Other
META,2022-05-01,8,-0.0388,-0.0403,2,0,Other
MSFT,2022-05-01,2,0.0012,0.0012,1,0,Other
NFLX,2022-05-01,5,-0.056,-0.0694,2,0,Other
PYPL,2022-05-01,1,0.53,0.53,2,0,Other
TSLA,2022-05-01,63,-0.0574,-0.088,3,0,Macroeconomic
AAPL,2022-05-02,12,0.0697,-0.0447,5,0,Legal/Regulatory
AMD,2022-05-02,13,0.2185,0.2455,3,0,Other
AMZN,2022-05-02,20,-0.1029,-0.215,4,0,Product/Company News
BA,2022-05-02,1,0.3005,0.3005,2,0,Other
DIS,2022-05-02,1,-0.27,-0.27,2,0,Other
GOOG,2022-05-02,2,-0.087,-0.1136,2,0,Other
INTC,2022-05-02,1,0.7331,0.7331,2,0,Other
META,2022-05-02,8,0.176,0.2255,4,0,Earnings
MSFT,2022-05-02,3,0.1134,0.1134,2,0,Other
NFLX,2022-05-02,5,-0.1596,-0.2318,3,0,Product/Company News
PYPL,2022-05-02,1,0.0006,0.0006,1,0,Other
TSLA,2022-05-02,98,0.0927,0.1048,5,0,Macroeconomic
AAPL,2022-05-03,12,0.1087,0.0962,3,0,Legal/Regulatory
AMD,2022-05-03,9,0.3018,0.2869,3,0,Earnings
AMZN,2022-05-03,13,0.0538,0.1203,4,0,Product/Company News
BA,2022-05-03,1,0.039,0.039,2,0,Product/Company News
COST,2022-05-03,1,-0.0021,-0.0021,1,0,Other
CRM,2022-05-03,1,0.0022,0.0022,1,0,Other
GOOG,2022-05-03,2,-0.0009,-0.0009,1,0,Other
KO,2022-05-03,1,-0.0021,-0.0021,2,0,Other
META,2022-05-03,7,0.2794,0.3021,2,0,Other
MSFT,2022-05-03,1,0.9816,0.9816,2,0,Other
NFLX,2022-05-03,1,0.9605,0.9605,2,0,Other
PYPL,2022-05-03,1,-0.2028,-0.2028,3,0,Legal/Regulatory
TSLA,2022-05-03,73,0.1157,0.2209,5,0,Macroeconomic
AAPL,2022-05-04,12,0.19,0.1985,2,0,Other
AMD,2022-05-04,65,0.4589,0.5461,7,2,Earnings
AMZN,2022-05-04,8,0.1548,0.1644,2,0,Other
CRM,2022-05-04,2,0.4938,0.4938,2,0,Product/Company News
DIS,2022-05-04,3,0.0453,0.0548,2,0,Other
GOOG,2022-05-04,2,0.0025,0.0025,1,0,Other
INTC,2022-05-04,3,0.3302,0.4233,3,0,Other
META,2022-05-04,8,0.0245,-0.1215,4,0,Product/Company News
MSFT,2022-05-04,2,-0.0562,-0.0787,2,0,Other
NFLX,2022-05-04,4,-0.2201,-0.2201,2,0,Other
PYPL,2022-05-04,1,0.0416,0.0416,1,0,Other
TSLA,2022-05-04,82,0.0509,0.0453,4,0,Analyst Rating
AAPL,2022-05-05,14,0.1914,0.1914,2,0,Product/Company News
AMD,2022-05-05,12,0.3788,0.403,3,0,Other
AMZN,2022-05-05,12,-0.0149,-0.0149,2,0,Other
DIS,2022-05-05,1,-0.7653,-0.7653,4,0,Geopolitical
GOOG,2022-05-05,3,0.4739,0.4739,2,0,Other
KO,2022-05-05,2,0.4898,0.4898,2,0,Other
META,2022-05-05,10,-0.1439,-0.1517,2,0,Other
MSFT,2022-05-05,1,-0.9755,-0.9755,2,0,Other
NFLX,2022-05-05,4,-0.7032,-0.7409,4,0,Legal/Regulatory
TSLA,2022-05-05,107,0.0212,0.0038,6,0,Credit Event
AAPL,2022-05-06,16,0.0784,0.0784,2,0,Other
AMD,2022-05-06,11,0.1988,0.2431,3,0,Other
AMZN,2022-05-06,16,-0.042,-0.0995,4,0,Product/Company News
COST,2022-05-06,1,0.0059,0.0059,1,0,Other
DIS,2022-05-06,4,-0.223,-0.2468,4,0,Merger/Acquisition
GOOG,2022-05-06,4,-0.0277,-0.0277,2,0,Other
INTC,2022-05-06,1,0.6843,0.6843,3,0,Product/Company News
KO,2022-05-06,5,-0.0199,-0.0273,3,0,Other
META,2022-05-06,2,-0.1851,-0.1887,2,0,Product/Company News
MSFT,2022-05-06,2,0.3484,0.3484,2,0,Other
NFLX,2022-05-06,5,-0.1928,-0.214,2,0,Other
TSLA,2022-05-06,110,0.0767,0.0818,4,0,Product/Company News
AAPL,2022-05-07,6,-0.2473,-0.2943,2,0,Other
AMD,2022-05-07,4,-0.0697,0.0216,3,0,Product/Company News
AMZN,2022-05-07,9,0.2207,0.2818,2,0,Other
COST,2022-05-07,1,0.0031,0.0031,1,0,Other
CRM,2022-05-07,1,0.0029,0.0029,2,0,Other
DIS,2022-05-07,6,0.0491,0.0461,3,0,Earnings
GOOG,2022-05-07,3,-0.0073,-0.0095,2,0,Other
INTC,2022-05-07,1,0.0083,0.0083,2,0,Other
META,2022-05-07,4,0.23,0.264,2,0,Other
NFLX,2022-05-07,2,-0.0002,-0.0002,1,0,Other
PYPL,2022-05-07,1,0.066,0.066,1,0,Other
TSLA,2022-05-07,42,0.066,0.1009,3,0,Product/Company News
AAPL,2022-05-08,15,-0.0521,-0.0521,2,0,Other
AMD,2022-05-08,5,0.3458,0.4278,2,0,Other
AMZN,2022-05-08,6,-0.3129,-0.4706,2,0,Other
COST,2022-05-08,3,0.0401,0.0401,2,0,Other
DIS,2022-05-08,2,0.2224,0.2918,2,0,Other
GOOG,2022-05-08,1,0.0021,0.0021,1,0,Other
KO,2022-05-08,3,0.0403,0.0476,2,0,Other
META,2022-05-08,3,0.0132,0.0132,1,0,Other
TSLA,2022-05-08,73,-0.0004,0.0052,3,0,Macroeconomic
AAPL,2022-05-09,13,-0.2222,-0.2222,2,0,Other
AMD,2022-05-09,7,-0.1269,-0.1269,2,0,Other
AMZN,2022-05-09,10,-0.287,-0.3181,2,0,Other
BA,2022-05-09,2,-0.3597,-0.3597,2,0,Other
COST,2022-05-09,1,-0.9239,-0.9239,2,0,Other
CRM,2022-05-09,1,-0.0333,-0.0333,2,0,Other
DIS,2022-05-09,6,0.023,-0.0538,3,0,Other
GOOG,2022-05-09,2,-0.0001,-0.0001,1,0,Other
KO,2022-05-09,1,0.5579,0.5579,2,0,Other
META,2022-05-09,9,-0.4188,-0.5267,4,0,Product/Company News
MSFT,2022-05-09,4,-0.4745,-0.5419,2,0,Other
NFLX,2022-05-09,3,-0.9451,-0.9451,2,0,Other
PYPL,2022-05-09,1,-0.013,-0.013,1,0,Other
TSLA,2022-05-09,107,-0.012,-0.0293,5,0,Macroeconomic
AAPL,2022-05-10,20,-0.0965,-0.0969,2,0,Other
AMD,2022-05-10,8,-0.0521,-0.0557,2,0,Other
AMZN,2022-05-10,16,-0.032,0.0253,4,0,Product/Company News
CRM,2022-05-10,1,0.0168,0.0168,2,0,Other
GOOG,2022-05-10,7,0.05,0.1059,3,0,Other
INTC,2022-05-10,1,0.0555,0.0555,2,0,Product/Company News
KO,2022-05-10,1,0.0007,0.0007,1,0,Other
META,2022-05-10,8,0.2394,0.3132,2,0,Other
MSFT,2022-05-10,3,0.2638,0.2638,2,0,Other
NFLX,2022-05-10,11,-0.2934,-0.3737,5,0,Earnings
PYPL,2022-05-10,3,-0.0641,-0.0641,2,0,Other
TSLA,2022-05-10,145,-0.0505,-0.0826,5,0,Macroeconomic
AAPL,2022-05-11,28,-0.1904,-0.2542,3,0,Other
AMD,2022-05-11,5,0.2444,0.3041,2,0,Product/Company News
AMZN,2022-05-11,19,-0.0485,-0.0499,2,0,Other
COST,2022-05-11,1,-0.0028,-0.0028,1,0,Other
DIS,2022-05-11,3,-0.3193,-0.3193,2,0,Other
META,2022-05-11,7,-0.1654,-0.1924,2,0,Other
MSFT,2022-05-11,4,-0.2365,-0.3171,2,0,Other
NFLX,2022-05-11,2,-0.0143,-0.0143,2,0,Product/Company News
TSLA,2022-05-11,127,0.0445,0.0704,4,0,Product/Company News
AAPL,2022-05-12,37,-0.1537,-0.1916,3,0,Other
AMD,2022-05-12,4,0.0242,0.0295,2,0,Other
AMZN,2022-05-12,20,-0.1596,-0.2264,4,0,Product/Company News
BA,2022-05-12,1,0.0022,0.0022,2,0,Product/Company News
CRM,2022-05-12,1,0.0333,0.0333,2,0,Other
DIS,2022-05-12,25,0.236,0.2965,6,0,Product/Company News
GOOG,2022-05-12,5,-0.4427,-0.4427,2,0,Other
KO,2022-05-12,1,0.0005,0.0005,1,0,Other
META,2022-05-12,11,-0.294,-0.4582,4,0,Product/Company News
MSFT,2022-05-12,4,-0.2531,-0.2531,2,0,Other
NFLX,2022-05-12,6,-0.2747,-0.3024,2,0,Other
PYPL,2022-05-12,2,0.0216,0.0216,2,0,Other
TSLA,2022-05-12,152,-0.028,-0.0191,5,0,Macroeconomic
AAPL,2022-05-13,24,0.1047,0.1249,3,0,Other
AMD,2022-05-13,4,0.2432,0.3247,2,0,Other
AMZN,2022-05-13,15,0.0951,0.0759,4,0,Earnings
BA,2022-05-13,1,0.9806,0.9806,2,0,Other
COST,2022-05-13,3,0.0058,0.0058,2,0,Other
DIS,2022-05-13,3,-0.0004,-0.0017,2,0,Other
GOOG,2022-05-13,2,-0.4144,-0.5551,2,0,Other
KO,2022-05-13,1,0.0268,0.0268,1,0,Other
META,2022-05-13,4,0.0031,-0.0101,2,0,Other
MSFT,2022-05-13,4,0.1033,0.1033,2,0,Other
NFLX,2022-05-13,4,-0.0653,-0.0739,2,0,Product/Company News
PYPL,2022-05-13,4,0.435,0.5442,3,0,Other
TSLA,2022-05-13,114,0.0937,0.1175,4,0,Credit Event
AAPL,2022-05-14,10,-0.0258,-0.0324,2,0,Other
AMD,2022-05-14,4,0.2059,0.2384,2,0,Other
AMZN,2022-05-14,7,0.0119,0.014,2,0,Other
COST,2022-05-14,1,-0.0009,-0.0009,2,0,Other
DIS,2022-05-14,1,0.0005,0.0005,1,0,Other
GOOG,2022-05-14,2,-0.0017,-0.0017,1,0,Other
KO,2022-05-14,1,-0.0007,-0.0007,1,0,Other
META,2022-05-14,3,0.3688,0.6678,4,0,Macroeconomic
MSFT,2022-05-14,2,0.1472,0.1472,2,0,Other
NFLX,2022-05-14,4,-0.0468,-0.0571,2,0,Other
PYPL,2022-05-14,2,0.0024,0.0024,2,0,Other
TSLA,2022-05-14,65,0.0145,0.0319,3,0,Product/Company News
AAPL,2022-05-15,14,0.0442,0.0457,2,0,Other
AMD,2022-05-15,3,-0.3101,-0.4704,2,0,Other
AMZN,2022-05-15,8,0.3237,0.422,2,0,Other
COST,2022-05-15,2,0.0899,0.0899,2,0,Other
CRM,2022-05-15,1,0.9209,0.9209,2,0,Other
DIS,2022-05-15,1,-0.003,-0.003,1,0,Other
GOOG,2022-05-15,4,0.2193,0.2193,2,0,Other
INTC,2022-05-15,1,0.0008,0.0008,1,0,Other
KO,2022-05-15,1,0.0016,0.0016,1,0,Other
META,2022-05-15,5,-0.0667,-0.0952,2,0,Other
MSFT,2022-05-15,1,0.8377,0.8377,2,0,Other
NFLX,2022-05-15,4,-0.0033,-0.0032,2,0,Other
TSLA,2022-05-15,57,0.0242,0.0351,4,0,Legal/Regulatory
AAPL,2022-05-16,19,0.1338,0.1338,2,0,Other
AMD,2022-05-16,9,0.3237,0.3483,3,0,Other
AMZN,2022-05-16,6,0.3914,0.5141,2,0,Other
BA,2022-05-16,1,0.9611,0.9611,2,0,Other
COST,2022-05-16,1,0.0008,0.0008,1,0,Other
DIS,2022-05-16,2,0.7986,0.7986,3,0,Product/Company News
GOOG,2022-05-16,1,0.0042,0.0042,1,0,Other
INTC,2022-05-16,1,0.0037,0.0037,1,0,Other
KO,2022-05-16,3,0.004,0.004,2,0,Other
META,2022-05-16,5,0.4215,0.5284,2,0,Other
MSFT,2022-05-16,2,0.515,0.515,2,0,Other
NFLX,2022-05-16,7,-0.1425,-0.1425,2,0,Other
PYPL,2022-05-16,2,-0.482,-0.6397,2,0,Other
TSLA,2022-05-16,100,-0.0608,-0.0682,5,0,Legal/Regulatory
AAPL,2022-05-17,16,-0.0436,-0.0519,2,0,Other
AMD,2022-05-17,8,0.5932,0.7327,5,0,Analyst Rating
AMZN,2022-05-17,6,0.2066,0.3118,2,0,Other
BA,2022-05-17,1,-0.0023,-0.0023,1,0,Other
GOOG,2022-05-17,2,0.3276,0.3276,2,0,Other
INTC,2022-05-17,2,0.0023,0.0016,2,0,Other
KO,2022-05-17,1,0.0188,0.0188,2,0,Product/Company News
META,2022-05-17,2,0.5342,0.6603,2,0,Other
MSFT,2022-05-17,1,0.9047,0.9047,2,0,Other
NFLX,2022-05-17,4,-0.1602,-0.2479,3,0,Product/Company News
TSLA,2022-05-17,88,0.0447,0.0486,3,0,Product/Company News
AAPL,2022-05-18,29,-0.2746,-0.3297,3,0,Other
AMD,2022-05-18,9,0.4099,0.4613,4,0,Product/Company News
AMZN,2022-05-18,15,-0.2618,-0.3642,5,0,Legal/Regulatory
BA,2022-05-18,1,-0.0005,-0.0005,1,0,Other
COST,2022-05-18,10,-0.1911,-0.2242,4,0,Macroeconomic
GOOG,2022-05-18,3,0.0006,0.0006,2,0,Product/Company News
KO,2022-05-18,1,0.0101,0.0101,1,0,Other
META,2022-05-18,11,-0.2819,-0.2819,2,0,Other
MSFT,2022-05-18,6,-0.3766,-0.3766,2,0,Other
NFLX,2022-05-18,7,-0.6469,-0.7411,4,0,Product/Company News
TSLA,2022-05-18,129,-0.0603,-0.0747,5,0,Analyst Rating
AAPL,2022-05-19,25,0.0096,0.0096,2,0,Other
AMD,2022-05-19,10,0.209,0.1974,3,0,Product/Company News
AMZN,2022-05-19,14,-0.2165,-0.2819,4,0,Product/Company News
BA,2022-05-19,1,0.0011,0.0011,1,0,Other
COST,2022-05-19,3,-0.3009,-0.3009,2,0,Other
CRM,2022-05-19,1,-0.0447,-0.0447,2,0,Other
DIS,2022-05-19,1,-0.0453,-0.0453,1,0,Other
GOOG,2022-05-19,7,0.0052,0.0068,3,0,Product/Company News
INTC,2022-05-19,1,-0.269,-0.269,2,0,Product/Company News
KO,2022-05-19,1,-0.0012,-0.0012,1,0,Other
META,2022-05-19,9,-0.1974,-0.3844,4,0,Product/Company News
MSFT,2022-05-19,5,-0.0147,-0.0147,2,0,Other
NFLX,2022-05-19,3,-0.0072,-0.2726,4,0,Product/Company News
PYPL,2022-05-19,2,0.003,-0.0129,2,0,Other
TSLA,2022-05-19,146,-0.0409,-0.0352,5,0,Analyst Rating
AAPL,2022-05-20,16,-0.1615,-0.1822,2,0,Other
AMD,2022-05-20,6,0.1482,0.1776,2,0,Other
AMZN,2022-05-20,11,-0.253,-0.4661,4,0,Product/Company News
BA,2022-05-20,1,0.014,0.014,2,0,Product/Company News
COST,2022-05-20,2,0.202,0.202,2,0,Other
DIS,2022-05-20,1,0.6332,0.6332,5,0,Merger/Acquisition
GOOG,2022-05-20,7,-0.4031,-0.4411,3,0,Other
KO,2022-05-20,2,-0.488,-0.488,2,0,Other
META,2022-05-20,4,-0.0054,-0.0122,2,0,Other
MSFT,2022-05-20,1,-0.9711,-0.9711,2,0,Other
NFLX,2022-05-20,4,-0.2889,-0.3288,2,0,Other
PYPL,2022-05-20,1,0.0001,0.0001,1,0,Other
TSLA,2022-05-20,214,-0.099,-0.1262,5,0,Legal/Regulatory
AAPL,2022-05-21,13,0.1992,0.2627,3,0,Product/Company News
AMD,2022-05-21,3,0.0035,0.0035,1,0,Other
AMZN,2022-05-21,11,-0.2462,-0.3841,3,0,Product/Company News
COST,2022-05-21,4,-0.1192,-0.1059,3,0,Earnings
GOOG,2022-05-21,2,-0.4615,-0.4615,2,0,Other
INTC,2022-05-21,1,0.0173,0.0173,2,0,Other
META,2022-05-21,4,0.2086,0.2776,2,0,Product/Company News
MSFT,2022-05-21,1,0.9818,0.9818,2,0,Other
NFLX,2022-05-21,1,-0.0065,-0.0065,1,0,Other
TSLA,2022-05-21,236,-0.0343,-0.049,6,0,Macroeconomic
AAPL,2022-05-22,8,0.1682,0.2276,2,0,Other
AMD,2022-05-22,2,-0.0176,-0.0176,1,0,Other
AMZN,2022-05-22,7,-0.2797,-0.3527,2,0,Other
COST,2022-05-22,7,0.0043,0.0043,2,0,Other
CRM,2022-05-22,2,-0.0026,-0.0026,2,0,Other
GOOG,2022-05-22,2,0.0475,0.0475,1,0,Other
META,2022-05-22,5,0.0892,0.1322,2,0,Other
MSFT,2022-05-22,3,0.026,0.0313,2,0,Other
NFLX,2022-05-22,2,-0.2962,-0.2962,2,0,Other
PYPL,2022-05-22,2,-0.0176,-0.0233,2,0,Other
TSLA,2022-05-22,66,-0.0071,0.0227,5,0,Macroeconomic
AAPL,2022-05-23,16,0.1358,0.1318,3,0,Merger/Acquisition
AMD,2022-05-23,10,0.1984,0.2325,2,0,Other
AMZN,2022-05-23,10,-0.3937,-0.5382,5,0,Macroeconomic
BA,2022-05-23,2,-0.461,-0.5528,3,0,Other
COST,2022-05-23,4,-0.0063,-0.0063,2,0,Other
DIS,2022-05-23,2,0.2744,0.3512,2,0,Other
GOOG,2022-05-23,2,0.0334,0.0444,2,0,Product/Company News
INTC,2022-05-23,1,0.2927,0.2927,2,0,Other
META,2022-05-23,5,-0.5707,-0.7156,5,0,Macroeconomic
MSFT,2022-05-23,2,-0.9496,-0.9496,2,0,Other
NFLX,2022-05-23,3,-0.3019,-0.4564,2,0,Other
PYPL,2022-05-23,1,0.0396,0.0396,2,0,Product/Company News
TSLA,2022-05-23,133,0.0643,0.1274,6,0,Geopolitical
AAPL,2022-05-24,9,0.1914,0.2736,3,0,Product/Company News
AMD,2022-05-24,2,0.0052,0.0052,1,0,Other
AMZN,2022-05-24,10,-0.3056,-0.3431,4,0,Product/Company News
BA,2022-05-24,2,0.3051,0.3051,2,0,Other
COST,2022-05-24,1,0.0002,0.0002,1,0,Other
DIS,2022-05-24,2,-0.3283,-0.3283,2,0,Other
GOOG,2022-05-24,12,-0.2434,-0.2574,3,0,Other
INTC,2022-05-24,1,0.0452,0.0452,1,0,Other
KO,2022-05-24,1,0.0021,0.0021,1,0,Other
META,2022-05-24,28,-0.3389,-0.4172,7,1,Analyst Rating
MSFT,2022-05-24,1,0.0015,0.0015,2,0,Product/Company News
NFLX,2022-05-24,1,0.0018,0.0018,1,0,Other
PYPL,2022-05-24,1,-0.9753,-0.9753,2,0,Other
TSLA,2022-05-24,138,-0.111,-0.1344,4,0,Macroeconomic
AAPL,2022-05-25,19,-0.1319,-0.1707,4,0,Product/Company News
AMD,2022-05-25,4,0.0358,0.0511,2,0,Other
AMZN,2022-05-25,14,-0.1414,-0.1613,2,0,Other
BA,2022-05-25,1,0.0,0.0,1,0,Other
COST,2022-05-25,1,0.0153,0.0153,1,0,Other
CRM,2022-05-25,2,-0.0084,-0.0084,2,0,Other
GOOG,2022-05-25,6,0.0383,0.0341,3,0,Earnings
INTC,2022-05-25,1,-0.0016,-0.0016,2,0,Other
META,2022-05-25,13,0.0309,-0.009,4,0,Analyst Rating
MSFT,2022-05-25,4,0.0469,0.0469,2,0,Other
NFLX,2022-05-25,3,-0.4451,-0.4451,2,0,Other
PYPL,2022-05-25,1,-0.1875,-0.1875,2,0,Other
TSLA,2022-05-25,115,0.0268,0.0387,5,0,Analyst Rating
AAPL,2022-05-26,14,0.1543,0.2625,5,0,Analyst Rating
AMD,2022-05-26,6,0.3262,0.3262,2,0,Other
AMZN,2022-05-26,10,0.0162,0.0785,3,0,Product/Company News
BA,2022-05-26,2,0.0023,0.0024,2,0,Product/Company News
COST,2022-05-26,6,0.0572,0.1019,5,0,Earnings
INTC,2022-05-26,1,-0.0001,-0.0001,2,0,Product/Company News
KO,2022-05-26,2,0.003,0.003,2,0,Other
META,2022-05-26,6,-0.2676,-0.4008,2,0,Other
MSFT,2022-05-26,3,-0.2478,-0.2478,2,0,Other
NFLX,2022-05-26,3,-0.0116,-0.0116,1,0,Other
PYPL,2022-05-26,2,-0.9756,-0.9756,4,0,Product/Company News
TSLA,2022-05-26,102,0.1709,0.2211,4,0,Earnings
AAPL,2022-05-27,17,0.0297,0.0014,3,0,Product/Company News
AMD,2022-05-27,9,0.2087,0.2087,2,0,Other
AMZN,2022-05-27,19,0.0303,-0.0195,4,0,Product/Company News
COST,2022-05-27,9,-0.0991,-0.0748,4,0,Earnings
CRM,2022-05-27,1,0.137,0.137,3,0,Earnings
DIS,2022-05-27,2,-0.0004,-0.0004,2,0,Other
GOOG,2022-05-27,1,0.0004,0.0004,1,0,Other
INTC,2022-05-27,2,0.7672,0.7672,2,0,Other
META,2022-05-27,4,-0.3162,-0.497,3,0,Product/Company News
MSFT,2022-05-27,2,0.1762,0.1762,2,0,Product/Company News
NFLX,2022-05-27,3,-0.3076,-0.463,4,0,Product/Company News
PYPL,2022-05-27,1,-0.9291,-0.9291,3,0,Product/Company News
TSLA,2022-05-27,98,0.1573,0.2294,5,0,Legal/Regulatory
AAPL,2022-05-28,6,0.1594,0.273,2,0,Other
AMD,2022-05-28,6,0.0755,0.1046,2,0,Other
AMZN,2022-05-28,10,0.0687,-0.0245,4,0,Product/Company News
COST,2022-05-28,1,0.1007,0.1007,1,0,Other
CRM,2022-05-28,1,0.0157,0.0157,3,0,Earnings
GOOG,2022-05-28,2,-0.3564,-0.3564,2,0,Other
META,2022-05-28,2,0.1009,0.1009,1,0,Other
TSLA,2022-05-28,82,0.03,0.0409,4,0,Analyst Rating
AAPL,2022-05-29,6,0.0631,0.0631,1,0,Other
AMD,2022-05-29,2,0.459,0.6108,2,0,Other
AMZN,2022-05-29,5,-0.2947,-0.4149,2,0,Other
CRM,2022-05-29,1,0.034,0.034,2,0,Other
DIS,2022-05-29,1,-0.0008,-0.0008,2,0,Product/Company News
GOOG,2022-05-29,2,0.0009,0.0009,2,0,Other
INTC,2022-05-29,1,0.9841,0.9841,2,0,Other
META,2022-05-29,1,0.0027,0.0027,1,0,Other
MSFT,2022-05-29,1,0.0027,0.0027,1,0,Other
NFLX,2022-05-29,2,0.1427,0.1899,2,0,Other
TSLA,2022-05-29,39,0.0293,0.0522,4,0,Macroeconomic
AAPL,2022-05-30,4,0.012,0.0122,2,0,Product/Company News
AMD,2022-05-30,5,0.0918,0.1197,2,0,Other
AMZN,2022-05-30,4,0.2567,0.4009,2,0,Other
CRM,2022-05-30,1,0.4219,0.4219,4,0,Earnings
GOOG,2022-05-30,1,-0.0018,-0.0018,1,0,Other
INTC,2022-05-30,1,0.009,0.009,1,0,Other
META,2022-05-30,1,0.0342,0.0342,1,0,Other
MSFT,2022-05-30,1,0.0342,0.0342,1,0,Other
NFLX,2022-05-30,2,-0.0046,-0.0061,2,0,Product/Company News
TSLA,2022-05-30,55,0.0618,0.1224,6,0,Macroeconomic
AAPL,2022-05-31,8,0.5383,0.6383,3,0,Product/Company News
AMD,2022-05-31,6,0.586,0.5461,3,0,Merger/Acquisition
AMZN,2022-05-31,14,0.34,0.3678,4,0,Analyst Rating
BA,2022-05-31,2,0.4078,0.4078,2,0,Other
COST,2022-05-31,1,0.0069,0.0069,1,0,Other
CRM,2022-05-31,3,-0.018,-0.0155,3,0,Analyst Rating
DIS,2022-05-31,2,0.4886,0.4886,2,0,Other
GOOG,2022-05-31,2,-0.1066,-0.1066,2,0,Product/Company News
KO,2022-05-31,1,0.0069,0.0069,1,0,Other
META,2022-05-31,3,0.5792,0.5792,2,0,Other
MSFT,2022-05-31,1,0.9742,0.9742,2,0,Other
NFLX,2022-05-31,1,-0.8529,-0.8529,2,0,Other
TSLA,2022-05-31,62,0.26,0.341,4,0,Macroeconomic
AAPL,2022-06-01,5,0.227,0.2516,2,0,Other
AMD,2022-06-01,5,0.503,0.6104,5,0,Analyst Rating
AMZN,2022-06-01,13,0.1883,0.2134,2,0,Other
BA,2022-06-01,1,0.6647,0.6647,2,0,Other
CRM,2022-06-01,8,0.3006,0.4047,3,0,Other
GOOG,2022-06-01,1,-0.0014,-0.0014,1,0,Other
KO,2022-06-01,2,0.0026,0.0026,2,0,Other
META,2022-06-01,13,0.0633,0.0948,3,0,Other
NFLX,2022-06-01,1,0.0045,0.0045,1,0,Other
TSLA,2022-06-01,94,0.0987,0.1225,5,0,Analyst Rating
AAPL,2022-06-02,11,0.0351,0.011,3,0,Product/Company News
AMD,2022-06-02,7,0.1448,0.293,5,0,Macroeconomic
AMZN,2022-06-02,15,0.1408,0.1457,2,0,Other
CRM,2022-06-02,3,0.1536,0.1536,2,0,Other
DIS,2022-06-02,1,0.006,0.006,1,0,Other
GOOG,2022-06-02,2,-0.0426,-0.0426,2,0,Product/Company News
INTC,2022-06-02,1,0.0012,0.0012,1,0,Other
META,2022-06-02,12,0.0351,0.0834,3,0,Other
NFLX,2022-06-02,1,0.0181,0.0181,1,0,Other
PYPL,2022-06-02,2,0.0106,0.0106,2,0,Other
TSLA,2022-06-02,113,0.0824,0.1186,6,0,Macroeconomic
AAPL,2022-06-03,12,-0.0155,-0.1378,5,0,Analyst Rating
AMD,2022-06-03,8,0.4612,0.4916,2,0,Other
AMZN,2022-06-03,21,0.1242,0.1653,3,0,Other
BA,2022-06-03,2,0.4878,0.6504,2,0,Other
COST,2022-06-03,4,0.0022,0.0022,2,0,Other
GOOG,2022-06-03,2,0.0089,0.0103,2,0,Other
INTC,2022-06-03,1,-0.0014,-0.0014,2,0,Other
META,2022-06-03,9,0.0721,0.2198,6,0,Analyst Rating
MSFT,2022-06-03,2,0.0016,0.0006,2,0,Other
NFLX,2022-06-03,6,0.0179,0.0916,3,0,Other
PYPL,2022-06-03,2,0.0016,0.0006,2,0,Other
TSLA,2022-06-03,196,-0.1286,-0.1716,6,0,Geopolitical
AAPL,2022-06-04,10,-0.1411,-0.2042,2,0,Other
AMD,2022-06-04,2,0.0048,0.0048,1,0,Other
AMZN,2022-06-04,14,0.0233,0.0258,2,0,Other
COST,2022-06-04,1,-0.0005,-0.0005,1,0,Other
CRM,2022-06-04,1,0.0018,0.0018,1,0,Other
DIS,2022-06-04,1,-0.0011,-0.0011,1,0,Other
KO,2022-06-04,1,-0.0031,-0.0031,1,0,Other
META,2022-06-04,3,-0.0021,-0.0021,1,0,Other
MSFT,2022-06-04,2,0.0083,0.0083,1,0,Other
NFLX,2022-06-04,1,0.0021,0.0021,1,0,Other
TSLA,2022-06-04,69,-0.0421,-0.0304,5,0,Macroeconomic
AAPL,2022-06-05,9,0.0804,0.1325,2,0,Product/Company News
AMD,2022-06-05,5,0.1458,0.1824,2,0,Other
AMZN,2022-06-05,4,-0.0304,-0.048,2,0,Other
GOOG,2022-06-05,1,0.0065,0.0065,1,0,Other
META,2022-06-05,5,-0.0032,-0.0052,2,0,Other
NFLX,2022-06-05,1,-0.2142,-0.2142,2,0,Other
PYPL,2022-06-05,1,0.0065,0.0065,1,0,Other
TSLA,2022-06-05,75,0.0736,0.1206,3,0,Product/Company News
AAPL,2022-06-06,30,0.1145,0.1961,5,0,Product/Company News
AMD,2022-06-06,7,0.3177,0.3177,2,0,Other
AMZN,2022-06-06,37,0.0856,0.1103,5,0,Product/Company News
BA,2022-06-06,2,0.0764,0.0764,2,0,Other
GOOG,2022-06-06,1,0.7924,0.7924,2,0,Other
INTC,2022-06-06,1,0.6866,0.6866,3,0,Product/Company News
KO,2022-06-06,1,-0.0009,-0.0009,1,0,Other
META,2022-06-06,3,0.3546,0.4254,2,0,Other
MSFT,2022-06-06,1,0.093,0.093,2,0,Other
NFLX,2022-06-06,2,0.0444,0.0606,2,0,Other
TSLA,2022-06-06,74,0.0521,0.0497,4,0,Product/Company News
AAPL,2022-06-07,18,0.1672,0.2818,5,0,Analyst Rating
AMD,2022-06-07,3,0.5492,0.5492,2,0,Product/Company News
AMZN,2022-06-07,14,0.2289,0.2284,3,0,Analyst Rating
COST,2022-06-07,1,-0.974,-0.974,2,0,Other
GOOG,2022-06-07,3,0.0457,0.0457,2,0,Other
META,2022-06-07,3,0.076,0.1116,2,0,Other
MSFT,2022-06-07,1,0.3802,0.3802,2,0,Other
NFLX,2022-06-07,2,-0.6814,-0.6814,2,0,Other
PYPL,2022-06-07,5,0.2019,0.2019,2,0,Other
TSLA,2022-06-07,83,0.0295,0.0304,5,0,Legal/Regulatory
AAPL,2022-06-08,14,0.12,0.1522,2,0,Other
AMD,2022-06-08,1,-0.001,-0.001,1,0,Other
AMZN,2022-06-08,10,0.1306,0.2102,3,0,Product/Company News
BA,2022-06-08,1,-0.4162,-0.4162,2,0,Product/Company News
COST,2022-06-08,1,-0.0024,-0.0024,1,0,Other
GOOG,2022-06-08,4,0.2173,0.2173,2,0,Other
INTC,2022-06-08,2,-0.1604,-0.1604,2,0,Other
KO,2022-06-08,1,-0.0005,-0.0005,1,0,Other
META,2022-06-08,11,-0.1619,-0.1619,2,0,Other
MSFT,2022-06-08,2,0.0989,0.0989,2,0,Other
NFLX,2022-06-08,10,0.2111,0.2109,4,0,Merger/Acquisition
PYPL,2022-06-08,1,0.0127,0.0127,1,0,Other
TSLA,2022-06-08,86,0.0944,0.111,4,0,Credit Event
AAPL,2022-06-09,12,-0.0385,-0.1459,5,0,Legal/Regulatory
AMD,2022-06-09,4,-0.1963,-0.4395,4,0,Analyst Rating
AMZN,2022-06-09,11,0.0917,0.1066,2,0,Product/Company News
CRM,2022-06-09,2,-0.0018,-0.0018,2,0,Other
DIS,2022-06-09,1,-0.1007,-0.1007,1,0,Other
GOOG,2022-06-09,1,-0.0023,-0.0023,1,0,Other
META,2022-06-09,8,0.1364,0.1364,2,0,Other
MSFT,2022-06-09,3,0.0227,0.0227,2,0,Other
NFLX,2022-06-09,4,-0.1778,-0.1778,2,0,Other
TSLA,2022-06-09,116,0.2157,0.261,5,0,Macroeconomic
AAPL,2022-06-10,11,-0.1161,-0.1362,2,0,Other
AMD,2022-06-10,11,0.3087,0.3247,3,0,Other
AMZN,2022-06-10,9,0.0816,0.0874,2,0,Product/Company News
BA,2022-06-10,1,-0.0685,-0.0685,3,0,Geopolitical
COST,2022-06-10,1,-0.0018,-0.0018,1,0,Other
DIS,2022-06-10,1,-0.0446,-0.0446,1,0,Other
GOOG,2022-06-10,1,-0.0446,-0.0446,1,0,Other
INTC,2022-06-10,2,-0.2816,-0.2816,2,0,Other
META,2022-06-10,4,-0.3869,-0.4637,4,0,Macroeconomic
MSFT,2022-06-10,1,-0.0266,-0.0266,1,0,Other
NFLX,2022-06-10,5,-0.497,-0.6343,5,0,Analyst Rating
PYPL,2022-06-10,1,-0.0266,-0.0266,1,0,Other
TSLA,2022-06-10,86,0.1287,0.2172,5,0,Analyst Rating
AAPL,2022-06-11,16,-0.0641,-0.0669,2,0,Other
AMD,2022-06-11,2,0.0129,0.0129,1,0,Other
AMZN,2022-06-11,8,-0.0964,-0.1095,3,0,Analyst Rating
BA,2022-06-11,1,0.0007,0.0007,1,0,Other
CRM,2022-06-11,1,0.0292,0.0292,2,0,Other
DIS,2022-06-11,3,-0.3139,-0.3139,2,0,Other
GOOG,2022-06-11,1,-0.0006,-0.0006,1,0,Other
KO,2022-06-11,1,0.002,0.002,1,0,Other
META,2022-06-11,1,0.1138,0.1138,1,0,Other
MSFT,2022-06-11,1,-0.0032,-0.0032,1,0,Other
NFLX,2022-06-11,2,0.0112,0.016,2,0,Other
TSLA,2022-06-11,103,0.0693,0.0763,3,0,Credit Event
AAPL,2022-06-12,5,0.078,0.1158,2,0,Product/Company News
AMD,2022-06-12,3,0.0037,0.0133,2,0,Other
AMZN,2022-06-12,3,-0.0095,-0.0095,1,0,Other
CRM,2022-06-12,2,0.4716,0.4716,2,0,Other
GOOG,2022-06-12,1,-0.0282,-0.0282,1,0,Other
MSFT,2022-06-12,1,-0.0282,-0.0282,1,0,Other
NFLX,2022-06-12,4,-0.0052,-0.0052,2,0,Other
PYPL,2022-06-12,2,-0.0153,-0.0153,2,0,Other
TSLA,2022-06-12,41,0.0409,0.0989,4,0,Macroeconomic
AAPL,2022-06-13,16,-0.1519,-0.1568,2,0,Other
AMD,2022-06-13,5,0.0169,0.0169,2,0,Other
AMZN,2022-06-13,14,-0.0761,-0.0847,3,0,Product/Company News
BA,2022-06-13,2,0.0996,0.0996,2,0,Other
COST,2022-06-13,2,-0.4878,-0.4878,2,0,Other
CRM,2022-06-13,1,-0.9592,-0.9592,2,0,Other
DIS,2022-06-13,3,-0.3028,-0.3028,2,0,Other
GOOG,2022-06-13,2,-0.0174,-0.0174,2,0,Other
KO,2022-06-13,4,0.2614,0.3409,3,0,Other
META,2022-06-13,5,0.0291,0.2469,5,0,Macroeconomic
MSFT,2022-06-13,6,-0.2409,-0.2825,3,0,Other
NFLX,2022-06-13,5,-0.2266,-0.2949,3,0,Other
PYPL,2022-06-13,2,-0.0128,-0.0128,2,0,Other
TSLA,2022-06-13,99,-0.0257,-0.0234,5,0,Analyst Rating
AAPL,2022-06-14,10,-0.308,-0.3773,4,0,Legal/Regulatory
AMD,2022-06-14,4,0.008,0.0074,2,0,Other
AMZN,2022-06-14,6,-0.1003,-0.1948,3,0,Product/Company News
BA,2022-06-14,1,-0.0119,-0.0119,1,0,Other
DIS,2022-06-14,4,-0.2536,-0.3303,3,0,Other
GOOG,2022-06-14,3,0.0039,0.0039,2,0,Other
NFLX,2022-06-14,3,-0.6336,-0.6336,2,0,Other
TSLA,2022-06-14,77,-0.0111,0.0272,5,0,Macroeconomic
AAPL,2022-06-15,9,-0.3316,-0.4013,3,0,Macroeconomic
AMZN,2022-06-15,5,0.21,0.3369,2,0,Other
BA,2022-06-15,1,-0.0012,-0.0012,1,0,Other
CRM,2022-06-15,1,-0.0099,-0.0099,1,0,Other
DIS,2022-06-15,2,0.0052,0.0074,2,0,Product/Company News
GOOG,2022-06-15,2,0.0054,0.0054,1,0,Other
KO,2022-06-15,1,-0.0012,-0.0012,2,0,Other
META,2022-06-15,1,-0.0034,-0.0034,1,0,Other
MSFT,2022-06-15,2,-0.0036,-0.0036,1,0,Other
NFLX,2022-06-15,7,-0.2685,-0.337,3,0,Other
TSLA,2022-06-15,80,0.0579,0.0699,5,0,Macroeconomic
AAPL,2022-06-16,9,-0.2504,-0.2377,3,0,Product/Company News
AMD,2022-06-16,3,-0.0175,-0.0175,2,0,Other
AMZN,2022-06-16,9,0.2671,0.2643,3,0,Product/Company News
BA,2022-06-16,1,0.0026,0.0026,1,0,Other
CRM,2022-06-16,1,0.0026,0.0026,2,0,Other
DIS,2022-06-16,2,-0.0936,-0.1261,2,0,Product/Company News
GOOG,2022-06-16,4,-0.0229,-0.0192,3,0,Product/Company News
INTC,2022-06-16,1,-0.044,-0.044,3,0,Earnings
META,2022-06-16,1,0.0039,0.0039,1,0,Other
TSLA,2022-06-16,89,0.0764,0.0998,4,0,Product/Company News
AAPL,2022-06-17,7,-0.1067,-0.1534,2,0,Other
AMD,2022-06-17,6,-0.0035,0.1378,4,0,Product/Company News
AMZN,2022-06-17,9,-0.2905,-0.3402,3,0,Product/Company News
COST,2022-06-17,1,0.002,0.002,2,0,Other
CRM,2022-06-17,2,0.0285,0.0285,2,0,Other
GOOG,2022-06-17,3,-0.0322,-0.0322,2,0,Other
INTC,2022-06-17,2,0.005,0.005,2,0,Other
META,2022-06-17,1,0.0016,0.0016,1,0,Other
MSFT,2022-06-17,2,-0.1528,-0.1528,2,0,Other
NFLX,2022-06-17,1,0.002,0.002,1,0,Other
TSLA,2022-06-17,63,-0.1068,-0.1809,5,0,Legal/Regulatory
AAPL,2022-06-18,8,-0.1294,-0.1472,2,0,Other
AMD,2022-06-18,4,0.1038,0.1038,2,0,Product/Company News
AMZN,2022-06-18,5,0.2031,0.2925,2,0,Other
COST,2022-06-18,1,0.0023,0.0023,2,0,Other
CRM,2022-06-18,1,-0.0246,-0.0246,2,0,Other
DIS,2022-06-18,1,0.0027,0.0027,1,0,Other
GOOG,2022-06-18,2,-0.0112,-0.0112,2,0,Other
KO,2022-06-18,1,0.0027,0.0027,1,0,Other
META,2022-06-18,2,-0.2444,-0.2444,2,0,Other
MSFT,2022-06-18,2,-0.0096,-0.0096,2,0,Other
NFLX,2022-06-18,3,-0.0304,-0.0289,2,0,Other
PYPL,2022-06-18,1,-0.0246,-0.0246,2,0,Other
TSLA,2022-06-18,60,-0.0322,-0.0385,4,0,Macroeconomic
AAPL,2022-06-19,4,0.255,0.3388,2,0,Product/Company News
AMD,2022-06-19,1,-0.0017,-0.0017,1,0,Other
AMZN,2022-06-19,3,0.327,0.4895,2,0,Other
BA,2022-06-19,1,0.2628,0.2628,2,0,Product/Company News
COST,2022-06-19,1,0.0034,0.0034,2,0,Other
GOOG,2022-06-19,1,0.9771,0.9771,2,0,Other
INTC,2022-06-19,1,-0.0032,-0.0032,1,0,Other
MSFT,2022-06-19,1,0.9771,0.9771,2,0,Other
TSLA,2022-06-19,45,0.0818,0.1245,3,0,Geopolitical
AAPL,2022-06-20,6,-0.0033,-0.0033,1,0,Other
AMD,2022-06-20,1,-0.0031,-0.0031,1,0,Other
AMZN,2022-06-20,4,0.3028,0.4026,2,0,Other
KO,2022-06-20,1,0.0017,0.0017,2,0,Other
MSFT,2022-06-20,2,0.1151,0.1151,2,0,Other
PYPL,2022-06-20,1,-0.0061,-0.0061,2,0,Other
TSLA,2022-06-20,34,0.1446,0.1955,3,0,Geopolitical
AAPL,2022-06-21,4,0.1893,0.2526,2,0,Other
AMD,2022-06-21,4,-0.1921,-0.2197,2,0,Other
AMZN,2022-06-21,4,0.3564,0.4816,2,0,Other
BA,2022-06-21,1,-0.0014,-0.0014,2,0,Other
GOOG,2022-06-21,1,-0.0142,-0.0142,2,0,Product/Company News
KO,2022-06-21,1,0.0026,0.0026,1,0,Other
META,2022-06-21,1,-0.1427,-0.1427,1,0,Other
TSLA,2022-06-21,77,0.1658,0.1508,6,0,Legal/Regulatory
AAPL,2022-06-22,5,0.0146,0.0146,2,0,Product/Company News
AMD,2022-06-22,1,0.0187,0.0187,2,0,Product/Company News
AMZN,2022-06-22,2,-0.1266,-0.1266,2,0,Other
COST,2022-06-22,2,-0.0002,-0.0002,2,0,Other
CRM,2022-06-22,1,-0.0001,-0.0001,1,0,Other
DIS,2022-06-22,2,-0.0007,-0.001,2,0,Other
GOOG,2022-06-22,2,0.0282,0.0181,2,0,Other
INTC,2022-06-22,1,0.0013,0.0013,2,0,Other
NFLX,2022-06-22,2,-0.1663,-0.2212,2,0,Other
PYPL,2022-06-22,1,-0.331,-0.331,2,0,Other
TSLA,2022-06-22,93,0.115,0.0895,5,0,Macroeconomic
AAPL,2022-06-23,4,0.2222,0.3525,2,0,Other
AMD,2022-06-23,2,-0.076,-0.076,2,0,Other
AMZN,2022-06-23,4,0.2997,0.3427,2,0,Other
DIS,2022-06-23,2,-0.8822,-0.8822,2,0,Other
GOOG,2022-06-23,3,0.1901,0.2542,3,0,Product/Company News
KO,2022-06-23,1,0.0104,0.0104,1,0,Other
MSFT,2022-06-23,2,0.486,0.486,2,0,Other
NFLX,2022-06-23,6,-0.6431,-0.7816,5,0,Product/Company News
TSLA,2022-06-23,81,-0.1016,-0.1731,4,0,Product/Company News
AAPL,2022-06-24,9,0.0672,0.0876,4,0,Credit Event
AMD,2022-06-24,5,0.2946,0.2946,2,0,Other
AMZN,2022-06-24,9,0.0012,0.0012,2,0,Other
CRM,2022-06-24,1,0.3254,0.3254,2,0,Other
GOOG,2022-06-24,2,0.102,0.102,2,0,Other
INTC,2022-06-24,1,0.0929,0.0929,2,0,Other
META,2022-06-24,2,0.3032,0.4006,2,0,Other
MSFT,2022-06-24,1,0.3254,0.3254,2,0,Other
NFLX,2022-06-24,5,0.2168,0.2848,3,0,Other
PYPL,2022-06-24,4,0.007,0.007,2,0,Other
TSLA,2022-06-24,58,0.1054,0.153,4,0,Product/Company News
AAPL,2022-06-25,4,0.0084,0.0084,1,0,Other
AMD,2022-06-25,3,0.3188,0.4768,2,0,Other
AMZN,2022-06-25,2,0.4829,0.6389,2,0,Other
COST,2022-06-25,3,0.0043,0.0043,2,0,Other
DIS,2022-06-25,3,0.0021,0.0021,2,0,Product/Company News
GOOG,2022-06-25,2,0.0118,0.0108,2,0,Product/Company News
KO,2022-06-25,2,-0.485,-0.485,2,0,Other
META,2022-06-25,1,0.9426,0.9426,2,0,Other
MSFT,2022-06-25,1,0.0149,0.0149,1,0,Other
TSLA,2022-06-25,40,0.0972,0.097,4,0,Analyst Rating
AAPL,2022-06-26,3,0.1285,0.194,2,0,Other
AMD,2022-06-26,2,0.0067,0.0067,2,0,Other
AMZN,2022-06-26,3,0.1721,0.0278,3,0,Product/Company News
COST,2022-06-26,1,-0.0016,-0.0016,1,0,Other
DIS,2022-06-26,1,0.0031,0.0031,1,0,Other
MSFT,2022-06-26,1,0.3904,0.3904,2,0,Other
PYPL,2022-06-26,1,0.1171,0.1171,2,0,Other
TSLA,2022-06-26,42,0.0181,0.0344,4,0,Macroeconomic
AAPL,2022-06-27,11,0.2385,0.2339,3,0,Legal/Regulatory
AMD,2022-06-27,4,0.1207,0.1207,2,0,Other
AMZN,2022-06-27,6,0.0087,0.0267,2,0,Other
BA,2022-06-27,1,0.4698,0.4698,2,0,Other
COST,2022-06-27,1,0.0026,0.0026,2,0,Other
DIS,2022-06-27,1,-0.5785,-0.5785,4,0,Merger/Acquisition
GOOG,2022-06-27,1,-0.011,-0.011,1,0,Other
INTC,2022-06-27,1,0.0099,0.0099,2,0,Other
KO,2022-06-27,1,0.0026,0.0026,2,0,Other
META,2022-06-27,1,0.4698,0.4698,2,0,Other
MSFT,2022-06-27,2,0.2294,0.3095,2,0,Other
NFLX,2022-06-27,2,0.2644,0.2644,2,0,Other
TSLA,2022-06-27,49,0.1254,0.1773,4,0,Macroeconomic
AAPL,2022-06-28,7,0.0412,0.0414,2,0,Other
AMD,2022-06-28,2,0.0522,0.0522,2,0,Other
AMZN,2022-06-28,7,-0.0424,-0.1584,4,0,Product/Company News
COST,2022-06-28,1,0.0015,0.0015,2,0,Earnings
CRM,2022-06-28,1,0.1501,0.1501,2,0,Product/Company News
DIS,2022-06-28,2,0.5303,0.6808,2,0,Other
GOOG,2022-06-28,1,-0.0162,-0.0162,2,0,Product/Company News
KO,2022-06-28,1,0.0007,0.0007,1,0,Other
MSFT,2022-06-28,2,0.0994,0.0994,2,0,Analyst Rating
NFLX,2022-06-28,1,-0.3572,-0.3572,2,0,Other
PYPL,2022-06-28,1,0.003,0.003,2,0,Product/Company News
TSLA,2022-06-28,59,0.0085,-0.011,4,0,Analyst Rating
AAPL,2022-06-29,13,-0.1549,-0.1785,3,0,Product/Company News
AMD,2022-06-29,5,-0.4246,-0.4246,2,0,Other
AMZN,2022-06-29,8,-0.0079,-0.0502,5,0,Analyst Rating
COST,2022-06-29,1,-0.0008,-0.0008,1,0,Other
DIS,2022-06-29,3,-0.1128,-0.1128,2,0,Other
GOOG,2022-06-29,2,0.047,0.1054,2,0,Other
KO,2022-06-29,1,-0.0008,-0.0008,1,0,Other
NFLX,2022-06-29,2,-0.8562,-0.8907,4,0,Analyst Rating
PYPL,2022-06-29,1,-0.0008,-0.0008,2,0,Other
TSLA,2022-06-29,88,-0.0272,-0.0766,5,0,Macroeconomic
AAPL,2022-06-30,10,0.0837,0.255,5,0,Analyst Rating
AMD,2022-06-30,4,-0.128,-0.0438,4,0,Analyst Rating
AMZN,2022-06-30,6,-0.2149,-0.2562,3,0,Merger/Acquisition
DIS,2022-06-30,2,-0.913,-0.913,2,0,Other
INTC,2022-06-30,1,-0.2813,-0.2813,3,0,Product/Company News
MSFT,2022-06-30,1,0.0033,0.0033,1,0,Other
NFLX,2022-06-30,2,0.0107,0.0107,2,0,Other
PYPL,2022-06-30,1,0.0033,0.0033,2,0,Other
TSLA,2022-06-30,74,0.005,-0.0216,6,0,Macroeconomic
AAPL,2022-07-01,9,-0.2502,-0.2633,2,0,Other
AMD,2022-07-01,7,0.0511,0.0511,2,0,Other
AMZN,2022-07-01,12,-0.2717,-0.2796,3,0,Product/Company News
BA,2022-07-01,1,0.9685,0.9685,5,0,Macroeconomic
COST,2022-07-01,3,0.0011,0.0011,2,0,Other
CRM,2022-07-01,1,0.0775,0.0775,2,0,Other
KO,2022-07-01,2,-0.0002,-0.0002,2,0,Other
META,2022-07-01,1,-0.9685,-0.9685,2,0,Other
NFLX,2022-07-01,1,0.0012,0.0012,1,0,Other
PYPL,2022-07-01,1,-0.944,-0.944,2,0,Other
TSLA,2022-07-01,79,-0.0553,-0.0649,4,0,Analyst Rating
AAPL,2022-07-02,6,-0.0673,-0.0927,2,0,Other
AMD,2022-07-02,2,-0.419,-0.419,2,0,Other
AMZN,2022-07-02,2,-0.0022,-0.0022,1,0,Other
DIS,2022-07-02,1,-0.0027,-0.0027,1,0,Other
GOOG,2022-07-02,2,-0.0022,-0.0024,2,0,Other
META,2022-07-02,1,0.0324,0.0324,1,0,Other
MSFT,2022-07-02,1,-0.0027,-0.0027,1,0,Other
TSLA,2022-07-02,91,0.1169,0.2015,5,0,Earnings
AAPL,2022-07-03,2,0.086,0.115,2,0,Other
AMD,2022-07-03,2,0.0853,0.0853,2,0,Other
AMZN,2022-07-03,4,-0.3626,-0.4872,3,0,Macroeconomic
KO,2022-07-03,1,-0.0004,-0.0004,2,0,Earnings
TSLA,2022-07-03,52,0.0114,0.0505,4,0,Macroeconomic
AAPL,2022-07-04,4,0.1983,0.2267,2,0,Other
AMD,2022-07-04,2,-0.1955,-0.258,2,0,Other
AMZN,2022-07-04,5,0.0876,0.0883,2,0,Other
COST,2022-07-04,1,-0.0001,-0.0001,1,0,Other
CRM,2022-07-04,1,-0.0018,-0.0018,1,0,Other
GOOG,2022-07-04,1,-0.0966,-0.0966,1,0,Other
KO,2022-07-04,2,0.3615,0.3615,2,0,Other
META,2022-07-04,2,0.3338,0.4964,2,0,Other
MSFT,2022-07-04,1,-0.9225,-0.9225,2,0,Other
NFLX,2022-07-04,3,-0.0355,-0.0312,3,0,Earnings
TSLA,2022-07-04,46,-0.036,-0.0703,4,0,Product/Company News
AAPL,2022-07-05,1,0.0041,0.0041,1,0,Other
AMD,2022-07-05,5,-0.3045,-0.3045,2,0,Other
AMZN,2022-07-05,7,-0.034,-0.0105,3,0,Product/Company News
COST,2022-07-05,1,0.0072,0.0072,2,0,Product/Company News
CRM,2022-07-05,1,0.7705,0.7705,2,0,Other
DIS,2022-07-05,1,0.0015,0.0015,1,0,Other
INTC,2022-07-05,1,0.0215,0.0215,2,0,Other
KO,2022-07-05,1,-0.0016,-0.0016,2,0,Earnings
MSFT,2022-07-05,1,0.0072,0.0072,2,0,Product/Company News
NFLX,2022-07-05,2,0.0577,0.0577,1,0,Other
TSLA,2022-07-05,65,0.037,0.0525,5,0,Analyst Rating
AAPL,2022-07-06,16,-0.0999,-0.1834,6,0,Analyst Rating
AMD,2022-07-06,3,0.8495,0.8495,2,0,Other
AMZN,2022-07-06,10,0.0827,0.1177,4,0,Merger/Acquisition
KO,2022-07-06,2,0.0462,0.0462,2,0,Other
MSFT,2022-07-06,1,-0.0017,-0.0017,2,0,Other
NFLX,2022-07-06,3,-0.3199,-0.3199,2,0,Other
TSLA,2022-07-06,90,0.1204,0.1471,6,0,Macroeconomic
AAPL,2022-07-07,7,0.0323,-0.0582,4,0,Analyst Rating
AMD,2022-07-07,5,0.0591,0.0675,2,0,Other
AMZN,2022-07-07,7,0.1725,0.1725,2,0,Other
BA,2022-07-07,3,0.0426,0.0465,3,0,Product/Company News
COST,2022-07-07,3,-0.0008,-0.0008,2,0,Other
DIS,2022-07-07,1,0.0114,0.0114,1,0,Other
GOOG,2022-07-07,3,-0.2358,-0.2358,2,0,Other
INTC,2022-07-07,3,0.2971,0.3328,3,0,Product/Company News
KO,2022-07-07,1,0.0602,0.0602,2,0,Other
META,2022-07-07,2,-0.4712,-0.4712,2,0,Other
MSFT,2022-07-07,3,0.0757,0.0757,2,0,Other
NFLX,2022-07-07,4,0.0638,0.0638,2,0,Other
PYPL,2022-07-07,1,0.0114,0.0114,2,0,Other
TSLA,2022-07-07,58,0.1591,0.2064,5,0,Macroeconomic
AAPL,2022-07-08,7,-0.1278,-0.1746,4,0,Macroeconomic
AMD,2022-07-08,4,0.1204,0.1347,2,0,Other
AMZN,2022-07-08,8,0.0704,0.0704,2,0,Other
BA,2022-07-08,1,-0.0641,-0.0641,2,0,Other
COST,2022-07-08,4,0.7349,0.8757,7,2,Macroeconomic
DIS,2022-07-08,1,0.7852,0.7852,3,0,Product/Company News
GOOG,2022-07-08,3,-0.1352,-0.1352,2,0,Other
KO,2022-07-08,1,0.7112,0.7112,2,0,Other
META,2022-07-08,1,-0.4263,-0.4263,2,0,Other
MSFT,2022-07-08,2,-0.2146,-0.2146,2,0,Other
NFLX,2022-07-08,1,-0.0029,-0.0029,1,0,Other
TSLA,2022-07-08,92,0.0383,0.096,6,0,Macroeconomic
AAPL,2022-07-09,4,0.0038,0.0038,1,0,Other
AMD,2022-07-09,1,0.0051,0.0051,1,0,Other
AMZN,2022-07-09,8,0.054,0.054,2,0,Other
BA,2022-07-09,1,0.0022,0.0022,2,0,Other
CRM,2022-07-09,1,-0.1623,-0.1623,1,0,Other
KO,2022-07-09,1,0.0119,0.0119,2,0,Other
MSFT,2022-07-09,2,0.0069,0.0069,2,0,Other
TSLA,2022-07-09,96,0.0357,0.022,6,0,Merger/Acquisition
AAPL,2022-07-10,6,0.0035,0.004,2,0,Other
AMD,2022-07-10,2,0.4865,0.6482,2,0,Other
AMZN,2022-07-10,7,0.0072,0.0048,2,0,Other
BA,2022-07-10,1,0.0015,0.0015,2,0,Other
COST,2022-07-10,3,0.5518,0.7177,6,0,Macroeconomic
GOOG,2022-07-10,3,0.3259,0.3259,2,0,Other
KO,2022-07-10,2,-0.0336,-0.0336,2,0,Other
META,2022-07-10,1,-0.0047,-0.0047,1,0,Other
MSFT,2022-07-10,1,-0.0002,-0.0002,1,0,Other
TSLA,2022-07-10,43,0.0964,0.1481,2,0,Other
AAPL,2022-07-11,5,-0.227,-0.2477,2,0,Other
AMD,2022-07-11,6,-0.2998,-0.3064,5,0,Analyst Rating
AMZN,2022-07-11,12,-0.0302,-0.1012,4,0,Product/Company News
COST,2022-07-11,2,-0.004,-0.004,2,0,Product/Company News
CRM,2022-07-11,1,-0.0366,-0.0366,2,0,Other
DIS,2022-07-11,2,0.271,0.4113,3,0,Product/Company News
GOOG,2022-07-11,1,-0.0366,-0.0366,1,0,Other
INTC,2022-07-11,1,-0.918,-0.918,2,0,Other
META,2022-07-11,1,-0.078,-0.078,1,0,Other
MSFT,2022-07-11,3,-0.0375,-0.0375,2,0,Other
NFLX,2022-07-11,3,-0.3628,-0.3628,2,0,Other
PYPL,2022-07-11,1,-0.0366,-0.0366,2,0,Other
TSLA,2022-07-11,82,-0.1351,-0.1854,5,0,Legal/Regulatory
AAPL,2022-07-12,10,0.0549,0.1548,5,0,Analyst Rating
AMD,2022-07-12,4,-0.1109,-0.127,2,0,Product/Company News
AMZN,2022-07-12,11,-0.0027,-0.086,4,0,Product/Company News
COST,2022-07-12,2,0.4755,0.4755,2,0,Other
GOOG,2022-07-12,1,0.0037,0.0037,1,0,Other
KO,2022-07-12,4,0.2463,0.3277,3,0,Other
NFLX,2022-07-12,2,-0.0008,-0.0008,1,0,Other
TSLA,2022-07-12,76,-0.0479,-0.0731,4,0,Macroeconomic
AAPL,2022-07-13,6,-0.0246,-0.0367,2,0,Other
AMD,2022-07-13,1,0.633,0.633,2,0,Other
AMZN,2022-07-13,4,-0.238,-0.4231,4,0,Product/Company News
BA,2022-07-13,2,-0.0022,-0.0022,2,0,Other
COST,2022-07-13,1,-0.9217,-0.9217,2,0,Other
CRM,2022-07-13,1,0.0006,0.0006,2,0,Other
GOOG,2022-07-13,3,0.5684,0.5684,2,0,Other
INTC,2022-07-13,1,-0.0015,-0.0015,2,0,Other
NFLX,2022-07-13,6,0.1182,0.1182,2,0,Other
TSLA,2022-07-13,91,-0.0135,-0.0286,5,0,Merger/Acquisition
AAPL,2022-07-14,17,0.0057,0.0263,5,0,Earnings
AMD,2022-07-14,3,0.4786,0.6448,5,0,Analyst Rating
AMZN,2022-07-14,8,0.0557,0.0764,3,0,Product/Company News
COST,2022-07-14,2,0.0044,0.0044,2,0,Other
DIS,2022-07-14,2,0.0011,0.0027,2,0,Product/Company News
GOOG,2022-07-14,1,0.0067,0.0067,1,0,Other
MSFT,2022-07-14,2,0.0044,0.0044,2,0,Other
NFLX,2022-07-14,4,-0.078,-0.078,2,0,Other
PYPL,2022-07-14,1,-0.9593,-0.9593,3,0,Product/Company News
TSLA,2022-07-14,99,0.0482,0.1145,5,0,Analyst Rating
AAPL,2022-07-15,13,0.1052,0.1366,3,0,Earnings
AMD,2022-07-15,2,0.7288,0.7288,2,0,Other
AMZN,2022-07-15,12,-0.0165,-0.0545,4,0,Product/Company News
BA,2022-07-15,1,-0.0046,-0.0046,2,0,Other
COST,2022-07-15,2,-0.0584,-0.0584,2,0,Other
DIS,2022-07-15,2,0.3083,0.3875,3,0,Product/Company News
GOOG,2022-07-15,2,0.0194,0.0194,2,0,Other
INTC,2022-07-15,2,-0.0124,-0.0153,3,0,Geopolitical
META,2022-07-15,1,-0.0018,-0.0018,1,0,Other
MSFT,2022-07-15,1,0.0033,0.0033,1,0,Other
NFLX,2022-07-15,2,0.0457,0.0457,1,0,Other
PYPL,2022-07-15,1,0.2903,0.2903,2,0,Other
TSLA,2022-07-15,71,0.0716,0.0779,5,0,Analyst Rating
AAPL,2022-07-16,8,0.0477,0.0509,2,0,Other
AMD,2022-07-16,1,0.6493,0.6493,2,0,Other
AMZN,2022-07-16,2,0.0318,0.0318,1,0,Other
BA,2022-07-16,1,0.7193,0.7193,3,0,Product/Company News
COST,2022-07-16,2,-0.0064,-0.0064,2,0,Other
GOOG,2022-07-16,1,0.064,0.064,2,0,Other
INTC,2022-07-16,1,0.6493,0.6493,2,0,Other
KO,2022-07-16,2,0.0033,0.0033,2,0,Other
MSFT,2022-07-16,2,0.0318,0.0425,2,0,Other
NFLX,2022-07-16,12,0.0447,0.0447,2,0,Other
TSLA,2022-07-16,42,0.0284,0.0768,3,0,Earnings
AAPL,2022-07-17,8,0.2568,0.2568,2,0,Other
AMD,2022-07-17,3,0.1954,0.1954,2,0,Other
AMZN,2022-07-17,5,0.5501,0.5887,3,0,Product/Company News
COST,2022-07-17,1,-0.0074,-0.0074,1,0,Other
DIS,2022-07-17,2,0.491,0.491,2,0,Product/Company News
GOOG,2022-07-17,2,0.4794,0.4794,2,0,Other
INTC,2022-07-17,1,0.1008,0.1008,2,0,Other
MSFT,2022-07-17,2,0.9532,0.9604,4,0,Product/Company News
NFLX,2022-07-17,14,-0.0193,-0.0523,3,0,Other
TSLA,2022-07-17,30,0.0422,0.0718,2,0,Other
AAPL,2022-07-18,21,-0.3138,-0.472,7,1,Legal/Regulatory
AMD,2022-07-18,2,0.277,0.277,2,0,Other
AMZN,2022-07-18,5,0.0817,0.093,2,0,Product/Company News
BA,2022-07-18,1,0.0052,0.0052,2,0,Other
CRM,2022-07-18,1,-0.0018,-0.0018,2,0,Other
DIS,2022-07-18,2,-0.483,-0.6451,2,0,Other
GOOG,2022-07-18,2,-0.4334,-0.4334,2,0,Other
INTC,2022-07-18,2,0.035,0.035,2,0,Product/Company News
META,2022-07-18,1,0.0005,0.0005,1,0,Other
NFLX,2022-07-18,15,-0.0031,-0.0556,5,0,Product/Company News
TSLA,2022-07-18,65,0.0892,0.1442,5,0,Macroeconomic
AAPL,2022-07-19,21,-0.0272,-0.0671,8,1,Legal/Regulatory
AMD,2022-07-19,2,0.5094,0.6678,2,0,Other
AMZN,2022-07-19,9,0.1684,0.1792,2,0,Other
BA,2022-07-19,1,-0.9211,-0.9211,2,0,Other
COST,2022-07-19,3,0.2419,0.2419,2,0,Other
DIS,2022-07-19,1,-0.9211,-0.9211,2,0,Other
GOOG,2022-07-19,3,-0.2854,-0.2854,2,0,Other
META,2022-07-19,1,0.0105,0.0105,1,0,Other
MSFT,2022-07-19,3,0.2785,0.2785,2,0,Other
NFLX,2022-07-19,24,-0.1051,-0.09,7,1,Earnings
TSLA,2022-07-19,85,0.0414,0.0561,4,0,Earnings
AAPL,2022-07-20,13,0.102,0.1346,3,0,Other
AMD,2022-07-20,2,0.0034,0.0034,2,0,Other
AMZN,2022-07-20,8,0.1183,-0.1037,6,0,Legal/Regulatory
COST,2022-07-20,2,-0.0011,-0.0011,2,0,Other
DIS,2022-07-20,2,0.4674,0.4674,2,0,Other
GOOG,2022-07-20,5,-0.3102,-0.3635,4,0,Product/Company News
INTC,2022-07-20,4,0.2416,0.3208,3,0,Other
KO,2022-07-20,1,-0.0023,-0.0023,1,0,Other
META,2022-07-20,1,-0.9671,-0.9671,5,0,Legal/Regulatory
MSFT,2022-07-20,1,0.9821,0.9821,2,0,Other
NFLX,2022-07-20,50,-0.1474,-0.1769,9,3,Earnings
PYPL,2022-07-20,1,0.9036,0.9036,2,0,Other
TSLA,2022-07-20,92,0.0268,0.0434,6,0,Earnings
AAPL,2022-07-21,8,-0.1887,-0.3743,5,0,Analyst Rating
AMD,2022-07-21,6,0.2222,0.2747,3,0,Other
AMZN,2022-07-21,15,0.2109,0.1502,5,0,Product/Company News
BA,2022-07-21,1,0.0917,0.0917,2,0,Other
COST,2022-07-21,2,0.0748,0.0748,2,0,Other
GOOG,2022-07-21,1,0.203,0.203,2,0,Other
INTC,2022-07-21,2,0.0113,0.0113,2,0,Other
KO,2022-07-21,1,0.1674,0.1674,2,0,Other
META,2022-07-21,1,-0.9529,-0.9529,4,0,Product/Company News
MSFT,2022-07-21,1,-0.9529,-0.9529,4,0,Product/Company News
NFLX,2022-07-21,5,-0.431,-0.518,4,0,Product/Company News
PYPL,2022-07-21,2,0.1718,0.1718,2,0,Other
TSLA,2022-07-21,360,0.1359,0.2055,8,9,Earnings
AAPL,2022-07-22,7,-0.2127,-0.3226,5,0,Earnings
AMD,2022-07-22,9,0.3142,0.403,3,0,Other
AMZN,2022-07-22,10,0.1609,0.1554,3,0,Merger/Acquisition
COST,2022-07-22,1,-0.0043,-0.0043,1,0,Other
GOOG,2022-07-22,7,-0.1668,-0.1456,3,0,Other
INTC,2022-07-22,1,-0.0011,-0.0011,1,0,Other
META,2022-07-22,1,0.0037,0.0037,2,0,Product/Company News
MSFT,2022-07-22,1,-0.0009,-0.0009,2,0,Earnings
NFLX,2022-07-22,5,-0.1867,-0.4086,6,0,Earnings
PYPL,2022-07-22,2,0.3153,0.3153,2,0,Other
TSLA,2022-07-22,94,0.1009,0.0805,5,0,Earnings
AAPL,2022-07-23,15,0.1266,0.1248,3,0,Product/Company News
AMD,2022-07-23,5,0.1763,0.1763,2,0,Other
AMZN,2022-07-23,9,0.1194,0.1209,3,0,Product/Company News
BA,2022-07-23,2,0.0502,0.0508,3,0,Earnings
CRM,2022-07-23,1,0.9332,0.9332,2,0,Other
DIS,2022-07-23,1,0.0079,0.0079,2,0,Merger/Acquisition
GOOG,2022-07-23,3,0.0194,0.0194,2,0,Other
INTC,2022-07-23,4,0.0332,0.0354,3,0,Earnings
KO,2022-07-23,3,0.036,0.0385,3,0,Earnings
MSFT,2022-07-23,5,-0.0047,0.0006,3,0,Earnings
PYPL,2022-07-23,1,0.9332,0.9332,2,0,Other
TSLA,2022-07-23,48,0.1572,0.2851,6,0,Credit Event
AAPL,2022-07-24,18,0.0979,0.0661,3,0,Earnings
AMD,2022-07-24,1,0.0278,0.0278,1,0,Other
AMZN,2022-07-24,13,-0.0129,-0.0114,3,0,Earnings
BA,2022-07-24,5,0.2154,0.2416,4,0,Earnings
COST,2022-07-24,1,-0.0557,-0.0557,2,0,Other
DIS,2022-07-24,1,-0.7222,-0.7222,2,0,Other
GOOG,2022-07-24,5,0.1201,0.0731,3,0,Product/Company News
INTC,2022-07-24,3,0.0363,0.0363,2,0,Other
KO,2022-07-24,6,0.1792,0.2091,4,0,Earnings
MSFT,2022-07-24,9,0.1202,0.1373,4,0,Earnings
NFLX,2022-07-24,1,-0.3116,-0.3116,2,0,Other
TSLA,2022-07-24,48,-0.0049,-0.012,3,0,Credit Event
AAPL,2022-07-25,21,0.0713,0.1656,6,0,Earnings
AMD,2022-07-25,3,0.0222,0.0255,2,0,Product/Company News
AMZN,2022-07-25,14,0.067,0.1662,6,0,Earnings
BA,2022-07-25,2,-0.0946,-0.041,4,0,Macroeconomic
COST,2022-07-25,1,0.0017,0.0017,1,0,Other
DIS,2022-07-25,2,0.4884,0.6512,2,0,Other
GOOG,2022-07-25,5,0.1666,0.3996,6,0,Earnings
INTC,2022-07-25,2,0.0085,0.0277,4,0,Macroeconomic
KO,2022-07-25,3,0.0275,0.0372,4,0,Macroeconomic
MSFT,2022-07-25,8,0.1065,0.2702,7,1,Earnings
TSLA,2022-07-25,69,0.0598,0.0987,5,0,Earnings
AAPL,2022-07-26,15,-0.2835,-0.345,5,0,Product/Company News
AMD,2022-07-26,6,0.1921,0.251,3,0,Other
AMZN,2022-07-26,24,-0.6411,-0.6215,5,0,Product/Company News
BA,2022-07-26,1,0.0052,0.0052,1,0,Other
COST,2022-07-26,7,-0.5012,-0.5527,3,0,Other
CRM,2022-07-26,3,-0.5463,-0.5463,2,0,Other
GOOG,2022-07-26,7,-0.4333,-0.4856,3,0,Other
KO,2022-07-26,5,0.2076,0.2781,3,0,Other
META,2022-07-26,1,-0.004,-0.004,2,0,Other
MSFT,2022-07-26,2,-0.0018,-0.0018,2,0,Other
NFLX,2022-07-26,4,-0.1354,-0.1651,4,0,Earnings
PYPL,2022-07-26,4,0.248,0.2954,3,0,Product/Company News
TSLA,2022-07-26,77,-0.1062,-0.1099,4,0,Geopolitical
AAPL,2022-07-27,18,0.061,0.0836,3,0,Other
AMD,2022-07-27,4,0.2262,0.4498,5,0,Geopolitical
AMZN,2022-07-27,12,0.1769,0.1854,2,0,Other
BA,2022-07-27,1,0.0107,0.0107,1,0,Other
GOOG,2022-07-27,27,0.2875,0.3304,3,0,Other
INTC,2022-07-27,2,0.4518,0.6737,6,0,Geopolitical
KO,2022-07-27,3,-0.2948,-0.2948,2,0,Other
MSFT,2022-07-27,6,0.187,0.2896,3,0,Other
NFLX,2022-07-27,1,0.9821,0.9821,2,0,Other
PYPL,2022-07-27,3,-0.2167,-0.2975,5,0,Macroeconomic
TSLA,2022-07-27,67,0.1431,0.2354,5,0,Earnings
AAPL,2022-07-28,33,0.1086,0.1123,6,0,Earnings
AMD,2022-07-28,7,-0.1134,-0.0938,3,0,Other
AMZN,2022-07-28,26,0.0203,-0.0139,6,0,Earnings
GOOG,2022-07-28,3,0.3184,0.3184,2,0,Other
INTC,2022-07-28,1,0.0098,0.0098,1,0,Other
KO,2022-07-28,1,-0.2455,-0.2455,2,0,Product/Company News
META,2022-07-28,3,0.2898,0.2615,3,0,Product/Company News
MSFT,2022-07-28,3,-0.2817,-0.2817,2,0,Other
PYPL,2022-07-28,2,0.0103,0.0103,2,0,Other
TSLA,2022-07-28,86,0.0769,0.1066,4,0,Product/Company News
AAPL,2022-07-29,72,0.3197,0.3516,7,2,Earnings
AMD,2022-07-29,6,0.4317,0.4733,3,0,Other
AMZN,2022-07-29,79,0.2913,0.3603,8,1,Earnings
COST,2022-07-29,1,0.0002,0.0002,1,0,Other
DIS,2022-07-29,1,0.7077,0.7077,2,0,Other
GOOG,2022-07-29,5,0.3414,0.3414,2,0,Other
INTC,2022-07-29,18,-0.0462,0.1106,9,2,Earnings
MSFT,2022-07-29,7,0.0679,0.1986,5,0,Analyst Rating
NFLX,2022-07-29,2,-0.7714,-0.7714,2,0,Other
PYPL,2022-07-29,2,-0.0227,-0.0227,2,0,Other
TSLA,2022-07-29,91,0.0804,0.1265,5,0,Earnings
AAPL,2022-07-30,11,0.4056,0.4424,2,0,Other
AMD,2022-07-30,7,0.3154,0.3597,3,0,Other
AMZN,2022-07-30,16,0.2818,0.3431,3,0,Other
BA,2022-07-30,1,0.112,0.112,2,0,Product/Company News
COST,2022-07-30,1,-0.0019,-0.0019,1,0,Other
CRM,2022-07-30,1,0.0016,0.0016,2,0,Other
DIS,2022-07-30,1,0.6542,0.6542,2,0,Other
INTC,2022-07-30,2,0.4926,0.4926,2,0,Other
KO,2022-07-30,1,-0.0019,-0.0019,1,0,Other
MSFT,2022-07-30,3,0.5484,0.5484,2,0,Other
PYPL,2022-07-30,3,0.0113,0.0113,2,0,Other
TSLA,2022-07-30,62,0.1245,0.1487,3,0,Macroeconomic
AAPL,2022-07-31,11,0.1814,0.1814,2,0,Other
AMD,2022-07-31,6,0.2462,0.2462,2,0,Other
AMZN,2022-07-31,4,0.274,0.3668,2,0,Other
COST,2022-07-31,4,-0.0037,-0.0037,2,0,Other
DIS,2022-07-31,1,-0.0012,-0.0012,1,0,Other
GOOG,2022-07-31,2,-0.0014,0.0086,2,0,Other
INTC,2022-07-31,1,-0.0027,-0.0027,2,0,Other
KO,2022-07-31,2,-0.0028,-0.0028,2,0,Other
META,2022-07-31,1,0.1425,0.1425,2,0,Other
MSFT,2022-07-31,2,0.0689,0.0934,2,0,Other
NFLX,2022-07-31,1,-0.9557,-0.9557,2,0,Other
PYPL,2022-07-31,2,0.0046,0.0046,2,0,Other
TSLA,2022-07-31,40,0.1259,0.1556,3,0,Macroeconomic
AAPL,2022-08-01,12,0.1909,0.1763,4,0,Credit Event
AMD,2022-08-01,14,0.1043,0.1018,3,0,Product/Company News
AMZN,2022-08-01,11,0.0214,0.025,2,0,Other
BA,2022-08-01,2,0.1208,0.1208,2,0,Other
CRM,2022-08-01,1,0.0038,0.0038,2,0,Other
DIS,2022-08-01,1,0.1346,0.1346,3,0,Macroeconomic
GOOG,2022-08-01,1,-0.0014,-0.0014,1,0,Other
KO,2022-08-01,2,0.1254,0.1254,2,0,Other
META,2022-08-01,1,-0.1741,-0.1741,2,0,Other
MSFT,2022-08-01,2,0.1237,0.1597,2,0,Other
NFLX,2022-08-01,1,0.2317,0.2317,2,0,Other
PYPL,2022-08-01,5,0.1156,0.1156,2,0,Other
TSLA,2022-08-01,86,0.114,0.1236,5,0,Macroeconomic
AAPL,2022-08-02,15,-0.0034,0.1386,7,1,Merger/Acquisition
AMD,2022-08-02,11,0.1941,0.2598,3,0,Other
AMZN,2022-08-02,3,0.2703,0.6484,5,0,Merger/Acquisition
BA,2022-08-02,1,0.0012,0.0012,2,0,Other
COST,2022-08-02,1,-0.0001,-0.0001,1,0,Other
CRM,2022-08-02,2,0.4916,0.4916,2,0,Other
DIS,2022-08-02,2,0.4972,0.6572,2,0,Other
KO,2022-08-02,1,0.0265,0.0265,1,0,Other
META,2022-08-02,1,0.0047,0.0047,1,0,Other
MSFT,2022-08-02,2,0.4689,0.7004,6,0,Merger/Acquisition
NFLX,2022-08-02,2,-0.0606,-0.0606,1,0,Other
PYPL,2022-08-02,3,-0.1544,-0.1544,2,0,Other
TSLA,2022-08-02,84,0.1731,0.2073,6,0,Geopolitical
AAPL,2022-08-03,16,0.078,-0.0381,6,0,Macroeconomic
AMD,2022-08-03,22,-0.0092,0.0557,7,1,Analyst Rating
AMZN,2022-08-03,10,0.0351,0.0389,2,0,Other
GOOG,2022-08-03,2,0.0049,0.0021,2,0,Other
INTC,2022-08-03,4,-0.1382,-0.1107,3,0,Other
MSFT,2022-08-03,1,-0.0011,-0.0011,1,0,Other
NFLX,2022-08-03,1,-0.0006,-0.0006,1,0,Other
PYPL,2022-08-03,14,0.4284,0.4904,6,0,Product/Company News
TSLA,2022-08-03,93,0.2028,0.2532,6,0,Geopolitical
AAPL,2022-08-04,10,0.1108,0.13,2,0,Other
AMD,2022-08-04,10,0.0687,0.0656,3,0,Product/Company News
AMZN,2022-08-04,7,0.038,0.0482,2,0,Other
COST,2022-08-04,1,0.9831,0.9831,2,0,Other
CRM,2022-08-04,1,0.0029,0.0029,1,0,Other
GOOG,2022-08-04,2,0.0063,0.0074,2,0,Other
INTC,2022-08-04,2,0.2066,0.2066,3,0,Product/Company News
KO,2022-08-04,2,0.0028,0.0028,2,0,Other
META,2022-08-04,1,0.0101,0.0101,3,0,Macroeconomic
MSFT,2022-08-04,1,0.0029,0.0029,1,0,Other
NFLX,2022-08-04,2,0.0225,0.0225,2,0,Other
TSLA,2022-08-04,77,0.1197,0.2113,6,0,Macroeconomic
AAPL,2022-08-05,3,-0.1003,-0.1388,3,0,Macroeconomic
AMD,2022-08-05,9,0.1496,0.3404,6,0,Analyst Rating
AMZN,2022-08-05,12,-0.0801,-0.0641,3,0,Product/Company News
CRM,2022-08-05,1,0.034,0.034,2,0,Other
DIS,2022-08-05,1,-0.0751,-0.0751,1,0,Other
META,2022-08-05,1,-0.001,-0.001,2,0,Product/Company News
NFLX,2022-08-05,5,-0.1654,-0.1654,2,0,Other
TSLA,2022-08-05,220,0.0524,0.0461,7,1,Macroeconomic
AAPL,2022-08-06,7,0.0254,0.0348,2,0,Other
AMD,2022-08-06,1,0.0114,0.0114,1,0,Other
AMZN,2022-08-06,3,0.5669,0.5669,2,0,Other
GOOG,2022-08-06,1,0.979,0.979,2,0,Other
KO,2022-08-06,2,-0.4834,-0.6427,2,0,Other
PYPL,2022-08-06,1,0.0114,0.0114,1,0,Other
TSLA,2022-08-06,85,0.0365,0.0494,4,0,Product/Company News
AAPL,2022-08-07,8,-0.2892,-0.4801,3,0,Product/Company News
AMD,2022-08-07,1,0.0007,0.0007,1,0,Other
AMZN,2022-08-07,2,0.0358,0.0358,2,0,Other
BA,2022-08-07,1,0.4302,0.4302,2,0,Other
DIS,2022-08-07,7,0.0101,0.0101,2,0,Other
GOOG,2022-08-07,1,-0.6967,-0.6967,2,0,Other
KO,2022-08-07,2,-0.0006,-0.0021,2,0,Other
NFLX,2022-08-07,2,0.0438,0.0438,2,0,Other
TSLA,2022-08-07,46,-0.0076,0.0182,5,0,Macroeconomic
AAPL,2022-08-08,13,0.1033,0.0604,4,0,Geopolitical
AMD,2022-08-08,5,0.1762,0.1762,2,0,Other
AMZN,2022-08-08,10,0.2755,0.3634,4,0,Product/Company News
BA,2022-08-08,3,0.6439,0.6791,3,0,Other
KO,2022-08-08,1,0.0302,0.0302,2,0,Earnings
META,2022-08-08,1,0.018,0.018,2,0,Other
MSFT,2022-08-08,1,0.6957,0.6957,2,0,Other
NFLX,2022-08-08,1,-0.0681,-0.0681,1,0,Other
PYPL,2022-08-08,1,0.3453,0.3453,2,0,Other
TSLA,2022-08-08,98,0.0778,0.1058,4,0,Product/Company News
AAPL,2022-08-09,19,0.0559,0.0537,4,0,Merger/Acquisition
AMD,2022-08-09,9,-0.0996,-0.0996,2,0,Other
AMZN,2022-08-09,9,-0.0264,-0.0328,2,0,Other
COST,2022-08-09,1,0.835,0.835,2,0,Other
CRM,2022-08-09,2,0.0094,0.0094,2,0,Other
DIS,2022-08-09,1,0.0146,0.0146,2,0,Other
GOOG,2022-08-09,3,-0.6371,-0.717,4,0,Product/Company News
INTC,2022-08-09,4,-0.2382,-0.2382,2,0,Other
META,2022-08-09,1,0.0032,0.0032,1,0,Other
MSFT,2022-08-09,2,0.2994,0.2994,2,0,Other
NFLX,2022-08-09,4,0.0047,0.0047,2,0,Other
PYPL,2022-08-09,3,0.0028,0.0028,2,0,Other
TSLA,2022-08-09,101,0.0486,0.1077,5,0,Macroeconomic
AAPL,2022-08-10,20,0.0973,0.0243,5,0,Legal/Regulatory
AMD,2022-08-10,5,0.1989,0.2482,2,0,Other
AMZN,2022-08-10,11,0.0487,0.0518,2,0,Other
DIS,2022-08-10,1,0.0234,0.0234,1,0,Other
GOOG,2022-08-10,4,0.0632,0.0632,2,0,Other
MSFT,2022-08-10,2,0.201,0.201,2,0,Other
NFLX,2022-08-10,1,0.0234,0.0234,1,0,Other
PYPL,2022-08-10,1,-0.0561,-0.0561,1,0,Other
TSLA,2022-08-10,210,0.09,0.1321,6,0,Merger/Acquisition
AAPL,2022-08-11,23,0.1915,0.1957,2,0,Other
AMD,2022-08-11,4,0.0049,0.0058,2,0,Other
AMZN,2022-08-11,7,0.0793,0.1229,2,0,Other
BA,2022-08-11,2,0.295,0.295,2,0,Other
COST,2022-08-11,1,-0.0076,-0.0076,2,0,Other
DIS,2022-08-11,26,0.2635,0.3077,6,0,Product/Company News
GOOG,2022-08-11,4,0.2272,0.2579,2,0,Other
KO,2022-08-11,1,0.1142,0.1142,1,0,Other
META,2022-08-11,1,-0.0001,-0.0001,2,0,Product/Company News
MSFT,2022-08-11,1,0.0016,0.0016,1,0,Other
NFLX,2022-08-11,9,0.2411,0.3922,5,0,Product/Company News
TSLA,2022-08-11,98,0.0151,0.0185,2,0,Other
AAPL,2022-08-12,23,0.1493,0.1262,5,0,Legal/Regulatory
AMD,2022-08-12,7,0.2894,0.3374,2,0,Other
AMZN,2022-08-12,11,0.2951,0.3884,5,0,Earnings
BA,2022-08-12,1,-0.0017,-0.0017,2,0,Other
COST,2022-08-12,2,0.0002,0.0002,2,0,Other
CRM,2022-08-12,1,-0.9504,-0.9504,2,0,Other
DIS,2022-08-12,4,0.2778,0.2778,2,0,Other
GOOG,2022-08-12,1,-0.0398,-0.0398,1,0,Other
INTC,2022-08-12,2,0.4412,0.5307,2,0,Other
META,2022-08-12,1,0.0381,0.0381,1,0,Other
MSFT,2022-08-12,4,0.2403,0.2403,2,0,Other
NFLX,2022-08-12,2,0.4806,0.6411,2,0,Other
TSLA,2022-08-12,88,0.1665,0.203,4,0,Product/Company News
AAPL,2022-08-13,18,0.2244,0.2375,2,0,Other
AMD,2022-08-13,6,0.3012,0.3012,2,0,Other
AMZN,2022-08-13,9,0.5012,0.5276,2,0,Other
CRM,2022-08-13,1,0.0711,0.0711,2,0,Other
DIS,2022-08-13,1,0.9722,0.9722,2,0,Other
GOOG,2022-08-13,2,-0.0035,-0.0035,2,0,Analyst Rating
INTC,2022-08-13,1,-0.078,-0.078,2,0,Analyst Rating
KO,2022-08-13,1,-0.0005,-0.0005,1,0,Other
MSFT,2022-08-13,5,0.5683,0.6326,3,0,Other
NFLX,2022-08-13,2,0.4995,0.4995,2,0,Other
PYPL,2022-08-13,2,0.0348,0.0348,2,0,Other
TSLA,2022-08-13,75,0.1446,0.1727,3,0,Merger/Acquisition
AAPL,2022-08-14,8,0.1299,0.16,2,0,Earnings
AMD,2022-08-14,1,0.0243,0.0243,1,0,Other
AMZN,2022-08-14,2,-0.0804,-0.0355,2,0,Product/Company News
CRM,2022-08-14,1,0.0013,0.0013,2,0,Other
DIS,2022-08-14,1,-0.2149,-0.2149,2,0,Other
GOOG,2022-08-14,2,0.0268,0.036,2,0,Product/Company News
INTC,2022-08-14,1,-0.0005,-0.0005,1,0,Other
KO,2022-08-14,2,0.0006,0.0004,2,0,Earnings
NFLX,2022-08-14,2,-0.107,-0.107,2,0,Other
PYPL,2022-08-14,2,-0.1066,-0.1066,2,0,Other
TSLA,2022-08-14,50,0.0231,0.0336,3,0,Earnings
AAPL,2022-08-15,10,0.0263,-0.0156,4,0,Legal/Regulatory
AMD,2022-08-15,5,0.1823,0.1981,2,0,Other
AMZN,2022-08-15,4,0.2032,0.3211,2,0,Other
BA,2022-08-15,1,0.7927,0.7927,2,0,Other
CRM,2022-08-15,1,0.0057,0.0057,2,0,Other
DIS,2022-08-15,1,-0.0011,-0.0011,3,0,Merger/Acquisition
GOOG,2022-08-15,1,-0.0009,-0.0009,1,0,Other
KO,2022-08-15,1,-0.0148,-0.0148,1,0,Other
MSFT,2022-08-15,2,0.4001,0.4001,2,0,Other
NFLX,2022-08-15,2,-0.0836,-0.0836,2,0,Other
PYPL,2022-08-15,3,-0.2976,-0.3926,3,0,Other
TSLA,2022-08-15,118,0.1467,0.1838,5,0,Macroeconomic
AAPL,2022-08-16,24,-0.2873,-0.3751,4,0,Product/Company News
AMD,2022-08-16,6,0.0215,0.0242,2,0,Other
AMZN,2022-08-16,16,0.0768,-0.0063,5,0,Legal/Regulatory
CRM,2022-08-16,1,0.0049,0.0049,2,0,Product/Company News
DIS,2022-08-16,4,0.2189,0.2491,4,0,Merger/Acquisition
GOOG,2022-08-16,4,-0.223,-0.223,2,0,Product/Company News
INTC,2022-08-16,1,0.0056,0.0056,1,0,Other
KO,2022-08-16,1,-0.0036,-0.0036,1,0,Other
META,2022-08-16,1,-0.0004,-0.0004,2,0,Product/Company News
MSFT,2022-08-16,4,0.017,0.017,2,0,Product/Company News
NFLX,2022-08-16,3,-0.1028,-0.3196,4,0,Product/Company News
PYPL,2022-08-16,2,0.6854,0.6854,2,0,Other
TSLA,2022-08-16,105,0.0933,0.1044,5,0,Macroeconomic
AAPL,2022-08-17,34,0.2459,0.391,6,0,Analyst Rating
AMD,2022-08-17,6,0.0769,0.0841,2,0,Product/Company News
AMZN,2022-08-17,8,0.1868,0.2109,2,0,Other
COST,2022-08-17,2,-0.0003,-0.0003,2,0,Other
DIS,2022-08-17,1,0.1946,0.1946,2,0,Other
GOOG,2022-08-17,1,0.0069,0.0069,1,0,Other
INTC,2022-08-17,1,0.0969,0.0969,2,0,Product/Company News
META,2022-08-17,1,0.0057,0.0057,1,0,Other
MSFT,2022-08-17,1,-0.0022,-0.0022,1,0,Other
NFLX,2022-08-17,1,-0.0038,-0.0038,1,0,Other
TSLA,2022-08-17,85,0.0772,0.1003,5,0,Macroeconomic
AAPL,2022-08-18,17,0.1672,0.2701,5,0,Analyst Rating
AMD,2022-08-18,6,0.0486,0.0486,2,0,Other
AMZN,2022-08-18,3,0.0455,0.0922,2,0,Product/Company News
COST,2022-08-18,1,0.0011,0.0011,1,0,Other
CRM,2022-08-18,1,-0.0045,-0.0045,1,0,Other
DIS,2022-08-18,1,-0.0015,-0.0015,1,0,Other
GOOG,2022-08-18,1,0.0444,0.0444,1,0,Other
KO,2022-08-18,1,0.0011,0.0011,1,0,Other
NFLX,2022-08-18,2,0.0032,0.0032,2,0,Other
TSLA,2022-08-18,110,0.0538,0.0724,6,0,Macroeconomic
AAPL,2022-08-19,13,0.1285,0.1759,2,0,Other
AMD,2022-08-19,9,0.2353,0.2476,2,0,Other
AMZN,2022-08-19,5,0.0352,0.0352,1,0,Other
BA,2022-08-19,1,-0.0471,-0.0471,1,0,Other
COST,2022-08-19,3,0.2906,0.2906,2,0,Other
DIS,2022-08-19,1,-0.0012,-0.0012,2,0,Other
GOOG,2022-08-19,1,-0.232,-0.232,1,0,Other
META,2022-08-19,1,-0.0002,-0.0002,2,0,Product/Company News
NFLX,2022-08-19,1,-0.232,-0.232,1,0,Other
PYPL,2022-08-19,2,0.0026,0.0026,2,0,Other
TSLA,2022-08-19,77,0.0055,-0.0467,6,0,Macroeconomic
AAPL,2022-08-20,14,0.017,0.0046,3,0,Product/Company News
AMD,2022-08-20,2,0.439,0.6559,3,0,Product/Company News
AMZN,2022-08-20,2,0.3662,0.4922,2,0,Other
COST,2022-08-20,1,-0.0012,-0.0012,1,0,Other
DIS,2022-08-20,1,0.0528,0.0528,2,0,Product/Company News
INTC,2022-08-20,2,0.4381,0.6555,3,0,Product/Company News
NFLX,2022-08-20,1,0.0528,0.0528,2,0,Product/Company News
TSLA,2022-08-20,48,0.0896,0.1345,3,0,Product/Company News
AAPL,2022-08-21,11,0.219,0.3539,4,0,Product/Company News
AMD,2022-08-21,2,0.0038,0.0038,1,0,Other
AMZN,2022-08-21,9,-0.1372,-0.1454,2,0,Other
COST,2022-08-21,1,0.0039,0.0039,1,0,Other
CRM,2022-08-21,6,0.0136,0.0121,4,0,Earnings
GOOG,2022-08-21,2,0.02,0.0261,2,0,Other
KO,2022-08-21,1,0.0039,0.0039,1,0,Other
MSFT,2022-08-21,2,0.097,0.097,2,0,Other
NFLX,2022-08-21,2,-0.3051,-0.3051,2,0,Other
PYPL,2022-08-21,1,-0.0028,-0.0028,1,0,Other
TSLA,2022-08-21,63,0.1159,0.1799,4,0,Earnings
AAPL,2022-08-22,15,-0.0815,-0.1205,3,0,Product/Company News
AMD,2022-08-22,8,0.1093,0.1249,2,0,Other
AMZN,2022-08-22,6,-0.121,-0.2033,2,0,Other
COST,2022-08-22,4,0.1167,0.1167,2,0,Other
INTC,2022-08-22,2,0.1208,0.1208,2,0,Other
MSFT,2022-08-22,2,-0.0329,-0.0329,2,0,Other
NFLX,2022-08-22,1,-0.071,-0.071,2,0,Other
TSLA,2022-08-22,97,0.0776,0.0728,5,0,Macroeconomic
AAPL,2022-08-23,15,-0.0055,0.0002,2,0,Other
AMD,2022-08-23,10,0.1523,0.2556,5,0,Earnings
AMZN,2022-08-23,12,0.2068,0.2442,3,0,Product/Company News
COST,2022-08-23,1,-0.0154,-0.0154,1,0,Other
GOOG,2022-08-23,1,0.0176,0.0176,1,0,Other
INTC,2022-08-23,1,0.0506,0.0506,2,0,Product/Company News
KO,2022-08-23,1,-0.0029,-0.0029,1,0,Other
META,2022-08-23,1,0.0022,0.0022,2,0,Product/Company News
MSFT,2022-08-23,1,0.9478,0.9478,2,0,Other
NFLX,2022-08-23,2,0.0033,0.0024,2,0,Other
PYPL,2022-08-23,1,-0.0392,-0.0392,1,0,Other
TSLA,2022-08-23,97,0.0209,0.0359,4,0,Product/Company News
AAPL,2022-08-24,9,-0.0527,-0.0718,3,0,Macroeconomic
AMD,2022-08-24,3,0.2129,0.3182,2,0,Other
AMZN,2022-08-24,8,0.0881,0.0993,3,0,Merger/Acquisition
CRM,2022-08-24,4,0.0042,0.0049,3,0,Earnings
META,2022-08-24,1,0.001,0.001,2,0,Product/Company News
NFLX,2022-08-24,1,0.0084,0.0084,1,0,Other
TSLA,2022-08-24,92,0.0543,0.063,5,0,Earnings
AAPL,2022-08-25,8,0.12,0.1377,3,0,Macroeconomic
AMD,2022-08-25,6,0.2125,0.2332,2,0,Other
AMZN,2022-08-25,13,-0.116,-0.2419,4,0,Product/Company News
BA,2022-08-25,1,0.3295,0.3295,2,0,Other
CRM,2022-08-25,4,-0.5028,-0.6037,3,0,Other
GOOG,2022-08-25,1,-0.0028,-0.0028,1,0,Other
INTC,2022-08-25,1,-0.0151,-0.0151,1,0,Other
META,2022-08-25,2,0.008,0.008,2,0,Product/Company News
MSFT,2022-08-25,2,0.0037,0.0037,1,0,Other
NFLX,2022-08-25,2,-0.4787,-0.4787,2,0,Other
PYPL,2022-08-25,1,-0.0034,-0.0034,1,0,Other
TSLA,2022-08-25,153,0.091,0.1108,7,1,Credit Event
AAPL,2022-08-26,7,-0.0711,-0.2232,4,0,Legal/Regulatory
AMD,2022-08-26,5,0.0239,0.0221,2,0,Other
AMZN,2022-08-26,7,0.1469,0.1906,3,0,Merger/Acquisition
BA,2022-08-26,1,0.0199,0.0199,2,0,Other
COST,2022-08-26,3,0.0072,0.0072,2,0,Other
CRM,2022-08-26,1,-0.0017,-0.0017,2,0,Other
GOOG,2022-08-26,1,0.937,0.937,2,0,Other
INTC,2022-08-26,2,0.406,0.4761,3,0,Product/Company News
KO,2022-08-26,1,-0.0001,-0.0001,2,0,Other
META,2022-08-26,1,0.0012,0.0012,2,0,Other
MSFT,2022-08-26,1,0.0024,0.0024,1,0,Other
NFLX,2022-08-26,1,0.012,0.012,1,0,Other
PYPL,2022-08-26,2,-0.0043,0.0011,2,0,Other
TSLA,2022-08-26,83,0.1324,0.1839,4,0,Analyst Rating
AAPL,2022-08-27,11,0.0126,0.0148,2,0,Other
AMD,2022-08-27,1,-0.0039,-0.0039,1,0,Other
AMZN,2022-08-27,2,-0.465,-0.6188,2,0,Other
GOOG,2022-08-27,2,0.0034,0.0034,2,0,Other
INTC,2022-08-27,1,0.0104,0.0104,1,0,Other
KO,2022-08-27,1,-0.0007,-0.0007,2,0,Earnings
META,2022-08-27,1,0.0248,0.0248,2,0,Other
MSFT,2022-08-27,1,-0.0037,-0.0037,1,0,Other
TSLA,2022-08-27,55,0.0412,0.0619,3,0,Macroeconomic
AAPL,2022-08-28,8,-0.2343,-0.3787,2,0,Other
AMD,2022-08-28,3,0.0196,0.0196,1,0,Other
AMZN,2022-08-28,7,0.1228,0.1228,2,0,Other
COST,2022-08-28,1,-0.0022,-0.0022,1,0,Other
DIS,2022-08-28,1,0.013,0.013,2,0,Product/Company News
MSFT,2022-08-28,3,-0.0009,-0.0009,2,0,Other
NFLX,2022-08-28,2,-0.0538,-0.0318,2,0,Other
PYPL,2022-08-28,1,0.8155,0.8155,2,0,Other
TSLA,2022-08-28,76,0.0137,0.0264,4,0,Analyst Rating
AAPL,2022-08-29,16,0.066,0.1134,4,0,Credit Event
AMD,2022-08-29,2,-0.0249,-0.0249,1,0,Other
AMZN,2022-08-29,4,-0.1792,-0.23,2,0,Other
BA,2022-08-29,1,-0.0548,-0.0548,2,0,Other
COST,2022-08-29,1,0.0018,0.0018,2,0,Other
DIS,2022-08-29,1,0.0013,0.0013,1,0,Other
GOOG,2022-08-29,1,0.0055,0.0055,1,0,Other
MSFT,2022-08-29,1,-0.0548,-0.0548,1,0,Other
NFLX,2022-08-29,3,-0.3414,-0.3414,2,0,Other
PYPL,2022-08-29,1,-0.0024,-0.0024,1,0,Other
TSLA,2022-08-29,72,-0.0025,0.0034,3,0,Product/Company News
AAPL,2022-08-30,11,0.0145,0.018,2,0,Other
AMD,2022-08-30,6,0.135,0.1412,2,0,Product/Company News
AMZN,2022-08-30,6,-0.0838,-0.1117,2,0,Other
GOOG,2022-08-30,2,-0.0264,-0.0264,2,0,Other
KO,2022-08-30,2,0.0116,0.0116,2,0,Other
TSLA,2022-08-30,92,0.0827,0.1178,5,0,Macroeconomic
AAPL,2022-08-31,9,-0.1187,-0.341,5,0,Macroeconomic
AMD,2022-08-31,4,-0.2388,-0.2726,2,0,Other
AMZN,2022-08-31,3,-0.1289,-0.1902,2,0,Other
COST,2022-08-31,1,0.0171,0.0171,1,0,Other
DIS,2022-08-31,1,0.9833,0.9833,2,0,Other
GOOG,2022-08-31,4,0.0368,0.0368,2,0,Other
INTC,2022-08-31,1,0.1367,0.1367,2,0,Other
KO,2022-08-31,1,0.0171,0.0171,1,0,Other
MSFT,2022-08-31,1,0.0008,0.0008,1,0,Other
TSLA,2022-08-31,61,0.1467,0.1978,3,0,Product/Company News
AAPL,2022-09-01,23,-0.1199,-0.1226,2,0,Other
AMD,2022-09-01,16,-0.1523,-0.1922,6,0,Macroeconomic
AMZN,2022-09-01,7,0.6109,0.6109,2,0,Other
CRM,2022-09-01,3,-0.3332,-0.4253,3,0,Other
DIS,2022-09-01,1,0.9653,0.9653,4,0,Product/Company News
GOOG,2022-09-01,1,-0.0277,-0.0277,1,0,Other
INTC,2022-09-01,1,0.2828,0.2828,2,0,Other
MSFT,2022-09-01,1,-0.0277,-0.0277,1,0,Other
NFLX,2022-09-01,4,0.2125,0.3631,4,0,Product/Company News
PYPL,2022-09-01,1,-0.0277,-0.0277,1,0,Other
TSLA,2022-09-01,82,0.0528,0.1198,5,0,Macroeconomic
AAPL,2022-09-02,10,0.2607,0.3419,3,0,Product/Company News
AMD,2022-09-02,3,0.0013,0.0013,1,0,Other
AMZN,2022-09-02,11,-0.2495,-0.4473,4,0,Product/Company News
COST,2022-09-02,1,0.9779,0.9779,2,0,Other
CRM,2022-09-02,1,0.6465,0.6465,2,0,Other
GOOG,2022-09-02,1,0.976,0.976,2,0,Other
META,2022-09-02,1,-0.0009,-0.0009,2,0,Product/Company News
NFLX,2022-09-02,1,0.0007,0.0007,1,0,Other
TSLA,2022-09-02,93,0.1524,0.1932,5,0,Analyst Rating
AAPL,2022-09-03,7,-0.1447,-0.2294,2,0,Other
AMZN,2022-09-03,4,0.0354,0.0067,2,0,Other
GOOG,2022-09-03,1,0.2437,0.2437,2,0,Other
INTC,2022-09-03,1,0.2437,0.2437,2,0,Other
KO,2022-09-03,1,0.0047,0.0047,1,0,Other
MSFT,2022-09-03,2,-0.0389,-0.0619,2,0,Other
NFLX,2022-09-03,1,-0.1079,-0.1079,2,0,Other
TSLA,2022-09-03,49,0.063,0.1166,4,0,Macroeconomic
AAPL,2022-09-04,3,0.218,0.2378,2,0,Other
AMZN,2022-09-04,2,0.1124,0.1101,2,0,Product/Company News
MSFT,2022-09-04,1,0.1191,0.1191,1,0,Other
TSLA,2022-09-04,39,0.0634,0.0552,4,0,Macroeconomic
AAPL,2022-09-05,12,-0.0016,-0.0011,2,0,Other
AMD,2022-09-05,3,0.0008,0.0008,1,0,Other
AMZN,2022-09-05,8,-0.0284,-0.1422,4,0,Product/Company News
COST,2022-09-05,4,0.0042,0.0042,2,0,Other
GOOG,2022-09-05,2,0.1333,0.1781,2,0,Other
KO,2022-09-05,1,0.0049,0.0049,2,0,Other
MSFT,2022-09-05,1,-0.0011,-0.0011,1,0,Other
NFLX,2022-09-05,1,0.0158,0.0158,1,0,Other
TSLA,2022-09-05,39,0.028,0.0189,3,0,Product/Company News
AAPL,2022-09-06,13,0.0193,-0.019,5,0,Legal/Regulatory
AMD,2022-09-06,3,0.0197,0.0165,3,0,Geopolitical
AMZN,2022-09-06,2,-0.4883,-0.7322,3,0,Product/Company News
BA,2022-09-06,1,0.0587,0.0587,2,0,Other
COST,2022-09-06,1,-0.0258,-0.0258,2,0,Other
KO,2022-09-06,1,0.0285,0.0285,1,0,Other
MSFT,2022-09-06,1,-0.0005,-0.0005,1,0,Other
PYPL,2022-09-06,2,0.2756,0.2756,2,0,Other
TSLA,2022-09-06,70,0.1566,0.2956,5,0,Analyst Rating
AAPL,2022-09-07,50,0.05,0.1108,5,0,Product/Company News
AMD,2022-09-07,3,-0.0083,-0.0083,1,0,Other
AMZN,2022-09-07,8,-0.0692,-0.0786,2,0,Other
CRM,2022-09-07,2,-0.0106,-0.0106,2,0,Other
GOOG,2022-09-07,3,-0.0094,-0.0094,2,0,Other
KO,2022-09-07,1,0.0015,0.0015,2,0,Other
META,2022-09-07,1,-0.0024,-0.0024,1,0,Other
MSFT,2022-09-07,5,-0.1184,-0.1184,2,0,Other
NFLX,2022-09-07,2,-0.0128,-0.0128,2,0,Other
PYPL,2022-09-07,1,-0.0242,-0.0242,1,0,Other
TSLA,2022-09-07,91,0.1113,0.1664,5,0,Analyst Rating
AAPL,2022-09-08,19,0.1297,0.2598,4,0,Product/Company News
AMD,2022-09-08,3,-0.0613,-0.0969,2,0,Other
AMZN,2022-09-08,7,0.1855,0.0442,4,0,Product/Company News
BA,2022-09-08,1,0.2904,0.2904,2,0,Other
DIS,2022-09-08,2,-0.0124,-0.0124,2,0,Product/Company News
GOOG,2022-09-08,2,0.1454,0.1454,2,0,Other
INTC,2022-09-08,1,-0.9513,-0.9513,2,0,Other
META,2022-09-08,1,-0.0013,-0.0013,2,0,Product/Company News
MSFT,2022-09-08,1,0.6065,0.6065,2,0,Other
NFLX,2022-09-08,2,-0.0093,-0.0067,2,0,Product/Company News
TSLA,2022-09-08,85,0.1119,0.184,5,0,Macroeconomic
AAPL,2022-09-09,12,0.1496,0.1559,3,0,Macroeconomic
AMD,2022-09-09,1,-0.0015,-0.0015,1,0,Other
AMZN,2022-09-09,1,0.0966,0.0966,1,0,Other
COST,2022-09-09,1,-0.0025,-0.0025,1,0,Other
INTC,2022-09-09,5,0.0008,0.141,4,0,Product/Company News
KO,2022-09-09,2,-0.002,-0.002,2,0,Other
NFLX,2022-09-09,1,0.003,0.003,1,0,Other
TSLA,2022-09-09,97,0.1842,0.2395,4,0,Product/Company News
AAPL,2022-09-10,8,0.1197,0.1656,2,0,Other
AMD,2022-09-10,3,0.2754,0.3298,2,0,Other
AMZN,2022-09-10,3,0.2637,0.3805,2,0,Other
COST,2022-09-10,1,-0.1962,-0.1962,2,0,Other
GOOG,2022-09-10,1,0.008,0.008,1,0,Other
INTC,2022-09-10,1,0.0036,0.0036,1,0,Other
MSFT,2022-09-10,1,-0.0315,-0.0315,2,0,Other
NFLX,2022-09-10,1,0.0036,0.0036,1,0,Other
TSLA,2022-09-10,46,0.0368,0.0466,4,0,Merger/Acquisition
AAPL,2022-09-11,8,0.2432,0.3537,2,0,Other
AMD,2022-09-11,2,0.0017,0.0017,1,0,Other
AMZN,2022-09-11,2,0.0201,0.0201,1,0,Other
DIS,2022-09-11,2,-0.1398,-0.2584,5,0,Merger/Acquisition
GOOG,2022-09-11,2,0.0201,0.0201,2,0,Other
KO,2022-09-11,1,0.0205,0.0205,2,0,Earnings
NFLX,2022-09-11,2,0.0201,0.0201,2,0,Other
PYPL,2022-09-11,1,-0.0049,-0.0049,1,0,Other
TSLA,2022-09-11,52,0.0489,0.075,2,0,Product/Company News
AAPL,2022-09-12,15,0.531,0.5686,2,0,Other
AMD,2022-09-12,6,0.0641,0.2196,5,0,Macroeconomic
AMZN,2022-09-12,6,0.0321,0.0321,2,0,Analyst Rating
COST,2022-09-12,1,-0.0025,-0.0025,2,0,Other
DIS,2022-09-12,2,-0.2938,-0.2938,2,0,Other
GOOG,2022-09-12,3,0.0222,0.0222,2,0,Other
KO,2022-09-12,1,0.1403,0.1403,2,0,Earnings
MSFT,2022-09-12,2,0.0476,0.2279,3,0,Other
NFLX,2022-09-12,1,0.0076,0.0076,2,0,Product/Company News
TSLA,2022-09-12,64,0.0778,0.1219,4,0,Analyst Rating
AAPL,2022-09-13,24,0.0751,0.1797,6,0,Analyst Rating
AMD,2022-09-13,2,0.187,0.187,2,0,Product/Company News
AMZN,2022-09-13,7,0.0475,0.0565,3,0,Macroeconomic
COST,2022-09-13,1,-0.0015,-0.0015,1,0,Other
CRM,2022-09-13,1,-0.0191,-0.0191,1,0,Other
DIS,2022-09-13,1,0.9836,0.9836,2,0,Other
GOOG,2022-09-13,4,-0.1491,-0.2274,3,0,Other
INTC,2022-09-13,1,-0.0194,-0.0194,1,0,Other
KO,2022-09-13,1,0.0009,0.0009,2,0,Other
PYPL,2022-09-13,1,0.9813,0.9813,2,0,Other
TSLA,2022-09-13,70,0.1359,0.2156,5,0,Macroeconomic
AAPL,2022-09-14,12,0.2072,0.2432,3,0,Macroeconomic
AMD,2022-09-14,5,0.1023,0.1114,2,0,Other
AMZN,2022-09-14,9,-0.3238,-0.4144,5,0,Legal/Regulatory
COST,2022-09-14,1,0.4221,0.4221,2,0,Other
INTC,2022-09-14,3,0.5042,0.5396,3,0,Other
KO,2022-09-14,3,0.0038,0.0038,2,0,Other
META,2022-09-14,3,-0.326,-0.4187,3,0,Other
MSFT,2022-09-14,3,-0.0065,-0.0065,2,0,Other
PYPL,2022-09-14,1,-0.0105,-0.0105,1,0,Other
TSLA,2022-09-14,96,0.0877,0.1134,6,0,Macroeconomic
AAPL,2022-09-15,17,-0.0435,-0.0449,2,0,Other
AMD,2022-09-15,3,0.1732,0.2079,2,0,Other
AMZN,2022-09-15,5,0.1363,0.221,2,0,Other
BA,2022-09-15,2,-0.4088,-0.4088,2,0,Other
COST,2022-09-15,1,-0.0004,-0.0004,2,0,Other
DIS,2022-09-15,2,0.0074,0.0074,2,0,Product/Company News
GOOG,2022-09-15,2,-0.075,-0.0961,2,0,Other
INTC,2022-09-15,2,0.2602,0.3469,2,0,Other
META,2022-09-15,2,0.0646,0.0789,3,0,Product/Company News
MSFT,2022-09-15,1,-0.0117,-0.0117,1,0,Other
NFLX,2022-09-15,2,-0.0105,-0.0138,2,0,Other
PYPL,2022-09-15,1,-0.0004,-0.0004,1,0,Other
TSLA,2022-09-15,100,0.1464,0.1739,5,0,Analyst Rating
AAPL,2022-09-16,17,-0.055,-0.0604,2,0,Other
AMD,2022-09-16,3,0.2757,0.3306,2,0,Other
AMZN,2022-09-16,7,0.0859,0.0963,2,0,Other
COST,2022-09-16,1,0.0058,0.0058,1,0,Other
CRM,2022-09-16,2,0.2848,0.2848,2,0,Other
GOOG,2022-09-16,3,0.02,0.0222,2,0,Other
INTC,2022-09-16,3,0.0002,0.0003,4,0,Geopolitical
KO,2022-09-16,1,0.0248,0.0248,2,0,Other
MSFT,2022-09-16,1,0.0019,0.0019,2,0,Other
NFLX,2022-09-16,6,0.0426,0.0426,2,0,Other
TSLA,2022-09-16,97,0.1285,0.1922,5,0,Analyst Rating
AAPL,2022-09-17,12,0.1089,0.1237,2,0,Other
AMD,2022-09-17,2,-0.0704,-0.0929,2,0,Other
AMZN,2022-09-17,7,0.0881,0.0945,2,0,Other
COST,2022-09-17,1,0.0034,0.0034,1,0,Other
CRM,2022-09-17,1,-0.0032,-0.0032,1,0,Other
DIS,2022-09-17,1,0.0225,0.0225,2,0,Other
INTC,2022-09-17,1,0.0043,0.0043,1,0,Other
KO,2022-09-17,1,0.0053,0.0053,1,0,Other
MSFT,2022-09-17,3,0.3352,0.4273,3,0,Other
NFLX,2022-09-17,6,0.0072,0.0072,2,0,Other
PYPL,2022-09-17,1,-0.0014,-0.0014,1,0,Other
TSLA,2022-09-17,59,0.0989,0.1847,4,0,Analyst Rating
AAPL,2022-09-18,8,-0.0495,-0.0873,2,0,Other
AMD,2022-09-18,3,0.0733,0.0733,2,0,Other
AMZN,2022-09-18,5,-0.1517,-0.2573,2,0,Other
COST,2022-09-18,2,0.0017,0.0027,3,0,Earnings
DIS,2022-09-18,1,0.0004,0.0004,1,0,Other
GOOG,2022-09-18,3,-0.0037,-0.0045,2,0,Other
KO,2022-09-18,2,0.2981,0.2981,2,0,Other
META,2022-09-18,1,0.0065,0.0065,2,0,Legal/Regulatory
MSFT,2022-09-18,2,-0.004,-0.0028,2,0,Other
NFLX,2022-09-18,4,0.1599,0.1599,2,0,Other
PYPL,2022-09-18,2,-0.4304,-0.4304,2,0,Other
TSLA,2022-09-18,51,0.1071,0.2023,4,0,Product/Company News
AAPL,2022-09-19,13,0.0766,0.0861,2,0,Other
AMD,2022-09-19,7,0.038,0.038,2,0,Other
AMZN,2022-09-19,9,0.2117,0.2117,2,0,Other
COST,2022-09-19,1,0.0305,0.0305,1,0,Other
CRM,2022-09-19,3,0.3014,0.3976,3,0,Other
GOOG,2022-09-19,5,0.1823,0.2544,3,0,Other
INTC,2022-09-19,1,-0.0034,-0.0034,2,0,Other
KO,2022-09-19,1,0.784,0.784,2,0,Other
META,2022-09-19,1,-0.2053,-0.2053,2,0,Other
MSFT,2022-09-19,5,0.1751,0.2478,3,0,Other
NFLX,2022-09-19,5,0.1747,0.2475,3,0,Other
PYPL,2022-09-19,1,-0.0356,-0.0356,2,0,Other
TSLA,2022-09-19,80,0.1229,0.1948,5,0,Macroeconomic
AAPL,2022-09-20,18,0.1567,0.2212,5,0,Analyst Rating
AMD,2022-09-20,4,-0.2022,-0.2022,2,0,Other
AMZN,2022-09-20,4,-0.2396,0.0027,4,0,Product/Company News
CRM,2022-09-20,2,-0.0186,-0.0186,2,0,Product/Company News
GOOG,2022-09-20,6,-0.0129,-0.0237,3,0,Other
KO,2022-09-20,2,0.0032,0.0032,2,0,Other
MSFT,2022-09-20,2,-0.4904,-0.4904,2,0,Other
NFLX,2022-09-20,2,-0.0152,-0.0152,2,0,Other
PYPL,2022-09-20,1,-0.9345,-0.9345,2,0,Other
TSLA,2022-09-20,82,0.1644,0.1784,5,0,Macroeconomic
AAPL,2022-09-21,18,0.0107,0.0245,4,0,Macroeconomic
AMD,2022-09-21,3,0.0122,0.0142,2,0,Other
AMZN,2022-09-21,8,-0.0654,-0.2264,5,0,Macroeconomic
COST,2022-09-21,1,-0.001,-0.001,1,0,Other
GOOG,2022-09-21,4,0.6191,0.6191,2,0,Other
INTC,2022-09-21,1,-0.1366,-0.1366,1,0,Other
KO,2022-09-21,1,0.0005,0.0005,1,0,Other
META,2022-09-21,2,-0.0301,-0.0301,2,0,Other
MSFT,2022-09-21,2,0.491,0.6549,2,0,Other
NFLX,2022-09-21,3,0.0014,0.0014,2,0,Other
TSLA,2022-09-21,59,0.0779,0.1152,3,0,Macroeconomic
AAPL,2022-09-22,13,-0.1314,-0.2001,4,0,Product/Company News
AMD,2022-09-22,5,-0.289,-0.3217,2,0,Other
AMZN,2022-09-22,7,-0.0638,-0.0484,2,0,Other
COST,2022-09-22,4,-0.0834,-0.0834,2,0,Other
CRM,2022-09-22,2,0.0279,0.4306,5,0,Product/Company News
GOOG,2022-09-22,6,-0.2903,-0.3879,3,0,Other
INTC,2022-09-22,2,0.1794,0.3298,3,0,Other
KO,2022-09-22,1,-0.0002,-0.0002,2,0,Other
META,2022-09-22,2,-0.0042,-0.0042,2,0,Other
MSFT,2022-09-22,1,-0.0633,-0.0633,1,0,Other
NFLX,2022-09-22,2,-0.4568,-0.4568,2,0,Other
PYPL,2022-09-22,1,-0.9118,-0.9118,2,0,Other
TSLA,2022-09-22,82,0.0314,0.0337,5,0,Macroeconomic
AAPL,2022-09-23,11,0.0958,0.1028,3,0,Macroeconomic
AMD,2022-09-23,7,-0.1002,-0.0814,3,0,Other
AMZN,2022-09-23,5,0.0408,0.0465,2,0,Other
BA,2022-09-23,4,-0.1263,-0.0732,6,0,Legal/Regulatory
COST,2022-09-23,11,0.2802,0.3425,4,0,Earnings
CRM,2022-09-23,1,-0.5723,-0.5723,2,0,Other
GOOG,2022-09-23,1,0.0375,0.0375,1,0,Other
INTC,2022-09-23,2,-0.681,-0.681,2,0,Other
KO,2022-09-23,1,0.0389,0.0389,1,0,Other
META,2022-09-23,1,-0.0245,-0.0245,2,0,Other
MSFT,2022-09-23,2,0.0065,0.0065,2,0,Other
NFLX,2022-09-23,2,0.0043,0.0043,2,0,Other
PYPL,2022-09-23,1,-0.0245,-0.0245,2,0,Other
TSLA,2022-09-23,79,0.0353,0.0561,4,0,Product/Company News
AAPL,2022-09-24,13,0.0266,0.0058,3,0,Product/Company News
AMD,2022-09-24,8,0.0842,0.0842,2,0,Other
AMZN,2022-09-24,5,0.1915,0.2389,2,0,Other
CRM,2022-09-24,1,-0.0298,-0.0298,2,0,Other
GOOG,2022-09-24,1,-0.0298,-0.0298,1,0,Other
INTC,2022-09-24,2,0.0039,0.0039,2,0,Other
MSFT,2022-09-24,3,-0.0087,-0.0087,2,0,Other
NFLX,2022-09-24,2,-0.0142,-0.0142,2,0,Other
PYPL,2022-09-24,1,-0.0298,-0.0298,2,0,Other
TSLA,2022-09-24,46,0.0994,0.1535,2,0,Other
AAPL,2022-09-25,13,-0.0112,-0.0119,2,0,Other
AMD,2022-09-25,3,-0.3225,-0.3871,2,0,Other
AMZN,2022-09-25,2,-0.0203,-0.0203,1,0,Other
BA,2022-09-25,1,-0.9781,-0.9781,5,0,Legal/Regulatory
COST,2022-09-25,5,0.0118,0.0107,3,0,Macroeconomic
DIS,2022-09-25,1,-0.0475,-0.0475,2,0,Other
GOOG,2022-09-25,1,-0.0186,-0.0186,1,0,Other
KO,2022-09-25,3,-0.0017,-0.0017,2,0,Other
META,2022-09-25,1,-0.0475,-0.0475,2,0,Other
MSFT,2022-09-25,1,-0.0475,-0.0475,2,0,Other
NFLX,2022-09-25,3,-0.0138,-0.0164,2,0,Other
PYPL,2022-09-25,1,-0.0475,-0.0475,2,0,Other
TSLA,2022-09-25,39,-0.0852,-0.1868,5,0,Macroeconomic
AAPL,2022-09-26,19,0.023,0.0293,4,0,Product/Company News
AMD,2022-09-26,7,0.1266,0.1805,3,0,Other
AMZN,2022-09-26,8,-0.125,-0.2211,5,0,Macroeconomic
BA,2022-09-26,1,0.9343,0.9343,2,0,Other
COST,2022-09-26,2,0.0315,0.0262,2,0,Other
CRM,2022-09-26,2,0.0356,0.0565,4,0,Merger/Acquisition
DIS,2022-09-26,1,-0.0028,-0.0028,1,0,Other
GOOG,2022-09-26,4,0.0244,0.0244,2,0,Other
INTC,2022-09-26,3,-0.426,-0.4977,3,0,Other
MSFT,2022-09-26,3,0.3109,0.4,3,0,Other
NFLX,2022-09-26,2,0.4664,0.4664,2,0,Other
TSLA,2022-09-26,64,0.0666,0.0912,3,0,Product/Company News
AAPL,2022-09-27,7,0.1241,0.1553,2,0,Product/Company News
AMD,2022-09-27,10,-0.136,-0.2011,3,0,Other
AMZN,2022-09-27,1,-0.0849,-0.0849,1,0,Other
GOOG,2022-09-27,1,0.0084,0.0084,1,0,Other
INTC,2022-09-27,1,0.0733,0.0733,2,0,Other
NFLX,2022-09-27,1,-0.0036,-0.0036,2,0,Product/Company News
TSLA,2022-09-27,87,0.1412,0.1614,5,0,Macroeconomic
AAPL,2022-09-28,68,-0.2606,-0.3907,6,0,Product/Company News
AMD,2022-09-28,3,-0.6084,-0.7307,2,0,Other
AMZN,2022-09-28,9,-0.1202,-0.1273,2,0,Other
COST,2022-09-28,3,-0.0571,-0.0571,2,0,Other
CRM,2022-09-28,1,-0.9761,-0.9761,2,0,Other
DIS,2022-09-28,4,0.0187,0.0187,2,0,Product/Company News
GOOG,2022-09-28,2,-0.2938,-0.2938,2,0,Other
INTC,2022-09-28,1,0.0096,0.0096,2,0,Other
KO,2022-09-28,2,0.0503,0.0503,2,0,Earnings
MSFT,2022-09-28,3,-0.0593,-0.0593,2,0,Other
NFLX,2022-09-28,4,-0.1838,-0.2718,3,0,Other
PYPL,2022-09-28,2,-0.4884,-0.5859,3,0,Other
TSLA,2022-09-28,71,0.0883,0.1423,4,0,Earnings
AAPL,2022-09-29,30,0.0046,0.0195,6,0,Analyst Rating
AMD,2022-09-29,8,0.1727,0.1727,2,0,Other
AMZN,2022-09-29,11,-0.0017,0.0614,4,0,Product/Company News
COST,2022-09-29,1,0.0037,0.0037,1,0,Other
DIS,2022-09-29,1,-0.0051,-0.0051,2,0,Other
GOOG,2022-09-29,6,0.2111,0.2111,2,0,Other
INTC,2022-09-29,2,0.0402,0.0402,2,0,Other
KO,2022-09-29,1,0.0598,0.0598,2,0,Other
META,2022-09-29,1,-0.9672,-0.9672,4,0,Product/Company News
MSFT,2022-09-29,1,0.0037,0.0037,1,0,Other
NFLX,2022-09-29,3,-0.1614,-0.1783,3,0,Analyst Rating
TSLA,2022-09-29,109,0.0377,0.0281,5,0,Macroeconomic
AAPL,2022-09-30,4,-0.315,-0.4044,2,0,Other
AMD,2022-09-30,2,-0.4647,-0.6183,2,0,Other
AMZN,2022-09-30,2,-0.1062,-0.0872,3,0,Merger/Acquisition
COST,2022-09-30,2,-0.0038,-0.0038,2,0,Other
PYPL,2022-09-30,1,-0.0667,-0.0667,2,0,Other
TSLA,2022-09-30,14,0.0095,0.0192,2,0,Other
INTC,2026-09-27,4,0.5213,0.5213,2,0,Other
DIS,2026-09-28,1,-0.0982,-0.0982,1,0,Other
INTC,2026-09-28,5,-0.3883,-0.7064,6,0,Macroeconomic
PYPL,2026-09-28,1,-0.003,-0.003,1,0,Other
DIS,2026-09-29,5,-0.3877,-0.6452,6,0,Product/Company News
INTC,2026-09-29,3,0.2569,0.4486,3,0,Product/Company News
MSFT,2026-09-29,1,-0.0151,-0.0151,2,0,Product/Company News
PYPL,2026-09-29,1,0.1243,0.1243,2,0,Product/Company News
AAPL,2026-09-30,2,0.0716,0.084,3,0,Product/Company News
DIS,2026-09-30,2,-0.9729,-0.9729,4,0,Product/Company News
INTC,2026-09-30,2,-0.1489,-0.1489,2,0,Analyst Rating
KO,2026-09-30,1,0.0228,0.0228,2,0,Earnings
MSFT,2026-09-30,6,-0.028,-0.041,5,0,Merger/Acquisition
PYPL,2026-09-30,1,0.529,0.529,2,0,Other
AAPL,2026-10-01,21,0.0171,-0.0526,6,0,Product/Company News
DIS,2026-10-01,6,-0.031,-0.0423,3,0,Product/Company News
INTC,2026-10-01,2,0.489,0.6529,4,0,Analyst Rating
META,2026-10-01,8,0.3344,0.411,2,0,Product/Company News
MSFT,2026-10-01,7,0.0533,0.1384,4,0,Product/Company News
AAPL,2026-10-02,19,0.0145,0.0145,2,0,Other
DIS,2026-10-02,3,-0.2672,-0.541,4,0,Product/Company News
INTC,2026-10-02,2,0.0071,0.0071,2,0,Product/Company News
META,2026-10-02,8,-0.4694,-0.6399,5,0,Legal/Regulatory
MSFT,2026-10-02,1,0.9754,0.9754,2,0,Other
